name,type,total_produced,total_sold,damaged,edition,price,gender,unsold_inventory,estimated_revenue,is_limited_edition,price_bucket,manufacturing_date,selling_date,damaged_rate,sold_rate,unsold_rate,days
Nike Air Force 1 '07 Sneakers,Creamy,24592,5819,9012,Limited,115,Men,9761,669185,1,High,2017-09-01,2017-11-06,0.36646063760572545,0.2366216655823032,0.39691769681197137,66
Adidas Originals Samba OG Shoes,Creamy,81482,16395,38698,Standard,100,Men,26389,1639500,0,Mid,2019-09-01,2019-09-30,0.4749269777374144,0.2012100832085614,0.3238629390540242,29
Air Jordan 1 Mid Shoes,Peanut Butter,76237,8478,26062,Special Release,110,Women,41697,932580,1,High,2023-01-01,2023-03-28,0.34185500478770153,0.11120584493093905,0.5469391502813594,86
Red Tape Casual Sneakers,Brownie,46463,5425,10463,Anniversary,35,Men,30575,189875,0,Low,2022-10-01,2022-12-15,0.22518993607816973,0.1167595721326647,0.6580504917891655,75
Nike Court Vision Low Shoes,Peanut Butter,54118,11698,6078,Standard,80,Women,36342,935840,0,Mid,2019-04-01,2019-05-06,0.11231013710780147,0.21615728593074393,0.6715325769614546,35
Puma Smash V2 Sneakers,Brownie,44671,7847,30108,Standard,65,Women,6716,510055,0,Mid,2021-01-01,2021-03-31,0.6739943139844642,0.17566206263571443,0.15034362337982135,89
Converse Chuck Taylor All Star,Classic,82357,43427,23700,Limited,60,Men,15230,2605620,1,Mid,2021-06-01,2021-08-29,0.287771531260245,0.5273018686936144,0.1849266000461406,89
New Balance 574 Core,Creamy,39871,23965,1307,Limited,90,Women,14599,2156850,1,Mid,2024-08-01,2024-09-08,0.032780717814953224,0.6010634295603321,0.36615585262471473,38
Reebok Classic Leather,Almond,69429,46660,11954,Holiday,85,Women,10815,3966100,0,Mid,2016-10-01,2016-10-18,0.17217589191836263,0.6720534646905472,0.15577064339109017,17
Under Armour Charged Assert 9,Creamy,99593,89939,1169,Limited,75,Men,8485,6745425,1,Mid,2021-10-01,2021-11-06,0.011737772735031578,0.9030654764893115,0.08519675077565693,36
Fila Disruptor II Premium,Peanut Butter,70589,54735,4422,Special Release,70,Women,11432,3831450,1,Mid,2022-03-01,2022-05-07,0.06264432135318534,0.775404099788919,0.1619515788578957,67
ASICS Gel-Quantum 90,White Chocolate,17331,8752,525,Holiday,100,Men,8054,875200,0,Mid,2024-01-01,2024-01-17,0.030292539380301194,0.5049910564883734,0.46471640413132537,16
Skechers D'Lites,Peanut Butter,84341,46245,13934,Anniversary,75,Women,24162,3468375,0,Mid,2022-05-01,2022-06-14,0.16521027732656715,0.5483098374456077,0.28647988522782514,44
Vans Old Skool,Peanut Butter,44718,14150,8081,Special Release,70,Women,22487,990500,1,Mid,2023-05-01,2023-06-22,0.1807102285433159,0.3164273894181314,0.5028623820385527,52
Onitsuka Tiger Mexico 66,Brownie,62350,28723,14373,Special Release,100,Men,19254,2872300,1,Mid,2016-07-01,2016-07-17,0.23052125100240578,0.4606736166800321,0.3088051323175621,16
Lacoste Carnaby Evo,White Chocolate,24371,10008,10280,Anniversary,95,Women,4083,950760,0,Mid,2016-10-01,2016-12-18,0.4218128103073325,0.41065200443149646,0.16753518526117106,78
Superga 2750 Cotu Classic,Crisper,88104,66348,17338,Special Release,65,Men,4418,4312620,1,Mid,2017-10-01,2017-12-14,0.1967901570870789,0.7530645600653773,0.05014528284754381,74
Hoka One One Clifton 8,Creamy,25014,22595,1092,Holiday,140,Women,1327,3163300,0,High,2023-08-01,2023-09-05,0.04365555289038139,0.9032941552730471,0.05305029183657152,35
Saucony Jazz Original,Peanut Butter,69470,5212,62509,Holiday,80,Men,1749,416960,0,Mid,2023-02-01,2023-03-20,0.8997984741615086,0.07502519072981143,0.025176335108680007,47
Columbia Trailstorm Waterproof,Brownie,23947,14779,8317,Limited,110,Men,851,1625690,1,High,2021-10-01,2021-12-30,0.34730863991314154,0.6171545496304339,0.0355368104564246,90
Nike Air Force 1 '07 Sneakers,Brownie,79514,5074,42487,Standard,115,Women,31953,583510,0,High,2020-06-01,2020-08-12,0.5343335764770983,0.06381266192117112,0.40185376160173053,72
Adidas Originals Samba OG Shoes,White Chocolate,50306,20692,1898,Special Release,100,Men,27716,2069200,1,Mid,2017-09-01,2017-10-07,0.03772909792072516,0.41132270504512386,0.550948197034151,36
Air Jordan 1 Mid Shoes,Creamy,73699,14071,49846,Limited,110,Women,9782,1547810,1,High,2020-12-01,2021-02-02,0.6763456763321076,0.19092525000339217,0.1327290736645002,63
Red Tape Casual Sneakers,Brownie,31643,13685,17290,Special Release,35,Men,668,478975,1,Low,2024-10-01,2024-12-13,0.5464083683595108,0.4324811174667383,0.02111051417375091,73
Nike Court Vision Low Shoes,Brownie,36365,28361,2553,Holiday,80,Women,5451,2268880,0,Mid,2019-06-01,2019-07-27,0.07020486731747559,0.779898253815482,0.14989687886704248,56
Puma Smash V2 Sneakers,Classic,42493,19725,2098,Standard,65,Men,20670,1282125,0,Mid,2018-10-01,2018-12-14,0.0493728378791801,0.46419410255806837,0.4864330595627515,74
Converse Chuck Taylor All Star,Brownie,38864,5471,4652,Standard,60,Men,28741,328260,0,Mid,2022-12-01,2022-12-30,0.11969946480032935,0.14077295183202965,0.739527583367641,29
New Balance 574 Core,White Chocolate,53309,9643,33695,Holiday,90,Men,9971,867870,0,Mid,2017-09-01,2017-11-16,0.6320696317694948,0.1808887805061059,0.18704158772439924,76
Reebok Classic Leather,Brownie,27342,23711,2360,Limited,85,Women,1271,2015435,1,Mid,2020-04-01,2020-06-16,0.08631409553068539,0.8672006436983396,0.046485260770975055,76
Under Armour Charged Assert 9,Peanut Butter,22363,8176,10796,Holiday,75,Women,3391,613200,0,Mid,2019-11-01,2020-01-01,0.4827617046013504,0.3656038992979475,0.15163439610070206,61
Fila Disruptor II Premium,White Chocolate,17100,16032,201,Anniversary,70,Men,867,1122240,0,Mid,2015-09-01,2015-11-16,0.011754385964912281,0.9375438596491228,0.050701754385964914,76
ASICS Gel-Quantum 90,Peanut Butter,35112,11232,17573,Limited,100,Women,6307,1123200,1,Mid,2020-01-01,2020-03-06,0.5004841649578492,0.3198906356801094,0.17962519936204147,65
Skechers D'Lites,Crisper,42742,9940,29041,Special Release,75,Men,3761,745500,1,Mid,2024-01-01,2024-03-10,0.6794487857376819,0.23255813953488372,0.08799307472743437,69
Vans Old Skool,Classic,40982,15899,13317,Anniversary,70,Women,11766,1112930,0,Mid,2020-06-01,2020-08-18,0.3249475379434874,0.38795080767166074,0.2871016543848519,78
Onitsuka Tiger Mexico 66,Classic,31579,17418,35,Holiday,100,Women,14126,1741800,0,Mid,2019-05-01,2019-05-18,0.0011083314861141899,0.5515690807181988,0.447322587795687,17
Lacoste Carnaby Evo,Almond,65444,50651,11968,Special Release,95,Women,2825,4811845,1,Mid,2023-10-01,2023-12-05,0.18287390746286902,0.7739594156836379,0.04316667685349306,65
Superga 2750 Cotu Classic,Peanut Butter,34890,14722,7133,Special Release,65,Men,13035,956930,1,Mid,2015-08-01,2015-08-22,0.20444253367727142,0.42195471481799945,0.37360275150472916,21
Hoka One One Clifton 8,Creamy,51104,8746,3286,Anniversary,140,Men,39072,1224440,0,High,2021-07-01,2021-08-05,0.06430025046963056,0.1711412022542267,0.7645585472761428,35
Saucony Jazz Original,Classic,76562,15500,55793,Standard,80,Men,5269,1240000,0,Mid,2017-01-01,2017-03-29,0.7287296570100049,0.2024503017162561,0.06882004127373893,87
Columbia Trailstorm Waterproof,Crisper,25713,23667,504,Special Release,110,Men,1542,2603370,1,High,2021-06-01,2021-07-24,0.01960098004900245,0.9204293548010734,0.05996966514992416,53
Nike Air Force 1 '07 Sneakers,Crisper,96163,81503,9260,Holiday,115,Men,5400,9372845,0,High,2020-11-01,2020-12-03,0.09629483273192392,0.8475505131911442,0.056154654076931876,32
Adidas Originals Samba OG Shoes,Creamy,51180,20642,8703,Limited,100,Women,21835,2064200,1,Mid,2019-06-01,2019-06-19,0.17004689331770223,0.40332161000390776,0.42663149667839,18
Air Jordan 1 Mid Shoes,Crisper,51441,9754,610,Special Release,110,Men,41077,1072940,1,High,2020-02-01,2020-04-15,0.011858245368480395,0.1896152874166521,0.7985264672148675,74
Red Tape Casual Sneakers,Classic,80468,32938,33153,Limited,35,Men,14377,1152830,1,Low,2017-12-01,2017-12-29,0.41200228662325394,0.40933041706019785,0.17866729631654818,28
Nike Court Vision Low Shoes,Peanut Butter,58434,23676,10338,Special Release,80,Men,24420,1894080,1,Mid,2019-11-01,2019-11-24,0.17691754800287504,0.40517506930896396,0.417907382688161,23
Converse Chuck Taylor All Star,Creamy,82512,25374,17848,Special Release,60,Women,39290,1522440,1,Mid,2018-02-01,2018-02-17,0.21630793096761683,0.30751890634089585,0.4761731626914873,16
New Balance 574 Core,Peanut Butter,93130,39600,33122,Holiday,90,Men,20408,3564000,0,Mid,2020-06-01,2020-08-14,0.35565338773757116,0.42521206915064963,0.21913454311177924,74
Reebok Classic Leather,Classic,93136,60518,27176,Standard,85,Men,5442,5144030,0,Mid,2018-02-01,2018-04-27,0.29178835251674967,0.6497809654698505,0.05843068201339976,85
Under Armour Charged Assert 9,Creamy,44335,15589,24288,Special Release,75,Men,4458,1169175,1,Mid,2019-12-01,2020-01-28,0.5478290289838728,0.3516183602120221,0.1005526108041051,58
Fila Disruptor II Premium,Classic,19862,19468,353,Special Release,70,Women,41,1362760,1,Mid,2016-09-01,2016-09-23,0.017772631154969288,0.9801631255664082,0.002064243278622495,22
ASICS Gel-Quantum 90,Brownie,82420,24410,28166,Standard,100,Men,29844,2441000,0,Mid,2016-06-01,2016-08-01,0.3417374423683572,0.2961659791312788,0.362096578500364,61
Skechers D'Lites,Almond,37535,27349,4088,Standard,75,Women,6098,2051175,0,Mid,2022-06-01,2022-07-20,0.10891168242973225,0.7286266151591848,0.162461702411083,49
Vans Old Skool,Brownie,30257,12757,5324,Limited,70,Men,12176,892990,1,Mid,2023-12-01,2024-01-20,0.17595928214958523,0.42162144297187426,0.4024192748785405,50
Onitsuka Tiger Mexico 66,Peanut Butter,53540,31982,8131,Limited,100,Men,13427,3198200,1,Mid,2017-12-01,2018-02-03,0.15186776242062008,0.5973477773627195,0.25078446021666045,64
Lacoste Carnaby Evo,Crisper,15075,12711,911,Anniversary,95,Men,1453,1207545,0,Mid,2017-03-01,2017-03-19,0.06043117744610282,0.84318407960199,0.09638474295190713,18
Superga 2750 Cotu Classic,Peanut Butter,13101,10406,791,Holiday,65,Men,1904,676390,0,Mid,2019-06-01,2019-06-17,0.0603770704526372,0.7942905121746432,0.14533241737271965,16
Hoka One One Clifton 8,White Chocolate,46585,28012,16692,Special Release,140,Men,1881,3921680,1,High,2019-06-01,2019-06-21,0.35831276161854675,0.6013094343672856,0.04037780401416765,20
Saucony Jazz Original,Classic,44237,16702,19024,Standard,80,Women,8511,1336160,0,Mid,2017-12-01,2018-02-07,0.4300472455184574,0.37755724845717387,0.19239550602436875,68
Columbia Trailstorm Waterproof,Almond,51114,33599,16758,Anniversary,110,Men,757,3695890,0,High,2016-04-01,2016-04-19,0.3278553820870994,0.6573345854364754,0.014810032476425245,18
Nike Air Force 1 '07 Sneakers,Almond,15817,12144,6,Special Release,115,Men,3667,1396560,1,High,2020-10-01,2020-12-08,0.00037933868622368335,0.7677815009167351,0.23183916039704117,68
Adidas Originals Samba OG Shoes,Almond,66531,9585,43531,Special Release,100,Men,13415,958500,1,Mid,2018-09-01,2018-11-17,0.6542964933639958,0.14406817874374353,0.20163532789226074,77
Air Jordan 1 Mid Shoes,Creamy,49363,38234,5067,Anniversary,110,Women,6062,4205740,0,High,2022-06-01,2022-07-03,0.10264773210704374,0.7745477381844702,0.12280452970848611,32
Red Tape Casual Sneakers,Brownie,26683,11286,6888,Anniversary,35,Men,8509,395010,0,Low,2022-06-01,2022-07-29,0.2581418880935427,0.42296593336581345,0.31889217854064383,58
Nike Court Vision Low Shoes,Brownie,84593,44446,26612,Standard,80,Men,13535,3555680,0,Mid,2021-02-01,2021-03-21,0.3145886775501519,0.5254099038927571,0.16000141855709102,48
Puma Smash V2 Sneakers,Crisper,86019,84516,1340,Anniversary,65,Men,163,5493540,0,Mid,2018-08-01,2018-10-28,0.015577953707901743,0.9825271161022565,0.0018949301898417792,88
Converse Chuck Taylor All Star,Brownie,72021,27241,43178,Holiday,60,Women,1602,1634460,0,Mid,2015-12-01,2016-02-15,0.5995195845656128,0.3782369031254773,0.0222435123089099,76
New Balance 574 Core,Classic,40784,25343,3680,Limited,90,Men,11761,2280870,1,Mid,2024-01-01,2024-01-29,0.0902314633189486,0.6213956453511181,0.2883728913299333,28
Reebok Classic Leather,Peanut Butter,72277,14545,29846,Special Release,85,Women,27886,1236325,1,Mid,2019-08-01,2019-10-02,0.41293910926020727,0.2012396751387025,0.38582121560109023,62
Under Armour Charged Assert 9,Crisper,62383,20989,9671,Standard,75,Men,31723,1574175,0,Mid,2022-05-01,2022-05-30,0.15502620906336662,0.3364538415914592,0.5085199493451742,29
Fila Disruptor II Premium,White Chocolate,65724,19341,11526,Special Release,70,Men,34857,1353870,1,Mid,2024-01-01,2024-03-27,0.17536972795325909,0.29427606353843344,0.5303542085083075,86
ASICS Gel-Quantum 90,White Chocolate,25906,19957,1092,Anniversary,100,Women,4857,1995700,0,Mid,2023-12-01,2024-02-15,0.04215239712807844,0.7703620782830233,0.18748552458889833,76
Skechers D'Lites,White Chocolate,68008,45150,16540,Special Release,75,Men,6318,3386250,1,Mid,2019-10-01,2019-11-24,0.24320668156687447,0.6638924832372662,0.09290083519585932,54
Vans Old Skool,Creamy,72216,63991,4246,Limited,70,Women,3979,4479370,1,Mid,2023-06-01,2023-08-07,0.05879583471806802,0.8861055721723717,0.05509859310956021,67
Onitsuka Tiger Mexico 66,White Chocolate,78327,68517,3919,Anniversary,100,Women,5891,6851700,0,Mid,2018-01-01,2018-02-08,0.05003383252262949,0.8747558313225324,0.07521033615483805,38
Lacoste Carnaby Evo,Peanut Butter,45614,27010,10476,Standard,95,Men,8128,2565950,0,Mid,2021-01-01,2021-02-10,0.22966633051256194,0.5921427631867409,0.17819090630069714,40
Superga 2750 Cotu Classic,Crisper,30028,28147,438,Anniversary,65,Women,1443,1829555,0,Mid,2015-09-01,2015-11-14,0.014586386039696284,0.9373584654322632,0.04805514852804049,74
Hoka One One Clifton 8,Crisper,18161,8388,6883,Special Release,140,Men,2890,1174320,1,High,2019-05-01,2019-06-25,0.3789989538021034,0.4618688398215957,0.15913220637630088,55
Saucony Jazz Original,White Chocolate,85456,54857,15629,Holiday,80,Women,14970,4388560,0,Mid,2015-01-01,2015-02-13,0.18288944017974162,0.6419326905073957,0.17517786931286275,43
Columbia Trailstorm Waterproof,White Chocolate,64921,40272,24494,Special Release,110,Men,155,4429920,1,High,2023-03-01,2023-03-30,0.37728932086689976,0.6203231619968885,0.0023875171362117034,29
Nike Air Force 1 '07 Sneakers,Crisper,38760,22887,7140,Standard,115,Women,8733,2632005,0,High,2020-06-01,2020-07-30,0.18421052631578946,0.5904798761609907,0.2253095975232198,59
Adidas Originals Samba OG Shoes,Creamy,31632,20315,2091,Special Release,100,Women,9226,2031500,1,Mid,2021-12-01,2022-02-18,0.06610394537177541,0.6422293879615579,0.2916666666666667,79
Air Jordan 1 Mid Shoes,Brownie,83975,8552,11003,Anniversary,110,Women,64420,940720,0,High,2022-03-01,2022-05-25,0.13102709139624888,0.10183983328371539,0.7671330753200357,85
Red Tape Casual Sneakers,Peanut Butter,16590,9262,3105,Limited,35,Women,4223,324170,1,Low,2018-09-01,2018-09-24,0.1871609403254973,0.558288125376733,0.25455093429776976,23
Nike Court Vision Low Shoes,White Chocolate,59692,23235,27627,Standard,80,Men,8830,1858800,0,Mid,2017-10-01,2017-10-16,0.46282583930845006,0.38924814045433226,0.1479260202372177,15
Puma Smash V2 Sneakers,Almond,39389,9496,25599,Standard,65,Men,4294,617240,0,Mid,2022-04-01,2022-04-23,0.6499022569752977,0.24108253573332655,0.10901520729137576,22
Converse Chuck Taylor All Star,Peanut Butter,12671,10089,624,Limited,60,Men,1958,605340,1,Mid,2017-09-01,2017-11-17,0.049246310472733014,0.7962276063451977,0.15452608318206928,77
New Balance 574 Core,Brownie,38569,35476,2865,Holiday,90,Men,228,3192840,0,Mid,2017-11-01,2017-11-26,0.07428245482122948,0.9198060618631544,0.005911483315616168,25
Reebok Classic Leather,White Chocolate,31465,15192,1771,Standard,85,Women,14502,1291320,0,Mid,2021-06-01,2021-06-23,0.05628476084538376,0.4828221833783569,0.46089305577625933,22
Under Armour Charged Assert 9,Crisper,35995,7490,19401,Limited,75,Women,9104,561750,1,Mid,2022-09-01,2022-10-20,0.5389915266009168,0.20808445617446866,0.25292401722461455,49
Fila Disruptor II Premium,White Chocolate,99687,83697,13197,Special Release,70,Women,2793,5858790,1,Mid,2016-05-01,2016-06-19,0.13238436305636642,0.8395979415570737,0.028017695386559932,49
ASICS Gel-Quantum 90,Brownie,66148,48353,12142,Special Release,100,Men,5653,4835300,1,Mid,2015-10-01,2015-11-17,0.1835580818770031,0.7309820402733265,0.08545987784967043,47
Skechers D'Lites,White Chocolate,65057,58892,4015,Anniversary,75,Women,2150,4416900,0,Mid,2016-03-01,2016-03-20,0.06171511136388091,0.9052369460626835,0.0330479425734356,19
Vans Old Skool,Creamy,30052,19270,2885,Special Release,70,Women,7897,1348900,1,Mid,2023-03-01,2023-04-25,0.09600026620524424,0.6412218820710768,0.26277785172367896,55
Onitsuka Tiger Mexico 66,Brownie,80539,68372,7616,Special Release,100,Men,4551,6837200,1,Mid,2019-11-01,2019-12-13,0.09456288257862651,0.8489303318888985,0.05650678553247495,42
Lacoste Carnaby Evo,White Chocolate,21359,9569,7385,Anniversary,95,Women,4405,909055,0,Mid,2017-09-01,2017-09-22,0.34575588744791425,0.4480078655367761,0.2062362470153097,21
Superga 2750 Cotu Classic,Almond,13761,13098,332,Anniversary,65,Women,331,851370,0,Mid,2017-01-01,2017-03-29,0.0241261536225565,0.9518203618923043,0.02405348448513916,87
Hoka One One Clifton 8,Almond,46655,44069,1131,Standard,140,Men,1455,6169660,0,High,2021-03-01,2021-05-26,0.024241774729396634,0.9445718572500268,0.031186368020576574,86
Saucony Jazz Original,Classic,41635,31635,8004,Limited,80,Women,1996,2530800,1,Mid,2021-03-01,2021-03-27,0.19224210399903927,0.7598174612705656,0.0479404347303951,26
Columbia Trailstorm Waterproof,Crisper,12260,5762,2410,Anniversary,110,Women,4088,633820,0,High,2017-06-01,2017-07-19,0.1965742251223491,0.46998368678629693,0.333442088091354,48
Nike Air Force 1 '07 Sneakers,Creamy,86225,53368,31015,Special Release,115,Women,1842,6137320,1,High,2021-03-01,2021-04-17,0.3596984633227022,0.6189388228472021,0.02136271383009568,47
Adidas Originals Samba OG Shoes,Almond,69473,22754,20094,Limited,100,Men,26625,2275400,1,Mid,2017-10-01,2017-12-02,0.2892346667050509,0.3275229225742375,0.38324241072071163,62
Air Jordan 1 Mid Shoes,Almond,25670,22559,2826,Limited,110,Women,285,2481490,1,High,2017-01-01,2017-02-07,0.11008959875340865,0.8788079470198675,0.011102454226723802,37
Red Tape Casual Sneakers,Almond,87278,73765,9777,Standard,35,Women,3736,2581775,0,Low,2018-03-01,2018-05-16,0.11202135704301198,0.8451728958042118,0.042805747152776186,76
Nike Court Vision Low Shoes,Peanut Butter,57301,16759,19809,Special Release,80,Men,20733,1340720,1,Mid,2015-02-01,2015-03-24,0.3457007731104169,0.29247308074902706,0.361826146140556,51
Puma Smash V2 Sneakers,Classic,82529,43290,8275,Anniversary,65,Men,30964,2813850,0,Mid,2022-02-01,2022-03-31,0.10026778465751433,0.5245428879545372,0.37518932738794847,58
Converse Chuck Taylor All Star,Brownie,47268,35762,7843,Holiday,60,Men,3663,2145720,0,Mid,2019-12-01,2020-01-19,0.16592620800541594,0.7565795041042566,0.0774942878903275,49
New Balance 574 Core,Almond,72616,19953,4282,Anniversary,90,Men,48381,1795770,0,Mid,2019-06-01,2019-08-19,0.05896772061253718,0.27477415445631814,0.6662581249311447,79
Reebok Classic Leather,Peanut Butter,29555,23443,2489,Limited,85,Women,3623,1992655,1,Mid,2015-12-01,2016-01-31,0.08421586871933683,0.7931991202842159,0.12258501099644731,61
Under Armour Charged Assert 9,Brownie,88135,86057,924,Special Release,75,Women,1154,6454275,1,Mid,2023-09-01,2023-09-18,0.010483916718670222,0.976422533613207,0.013093549668122767,17
Fila Disruptor II Premium,Almond,87139,61207,10006,Special Release,70,Men,15926,4284490,1,Mid,2021-05-01,2021-05-16,0.11482803337196892,0.7024064999598343,0.1827654666681968,15
ASICS Gel-Quantum 90,White Chocolate,37235,25496,3457,Standard,100,Men,8282,2549600,0,Mid,2017-12-01,2017-12-20,0.09284275547200214,0.68473210688868,0.22242513763931784,19
Skechers D'Lites,Brownie,19838,7564,43,Anniversary,75,Women,12231,567300,0,Mid,2019-08-01,2019-08-29,0.002167557213428773,0.38128843633430787,0.6165440064522634,28
Vans Old Skool,Almond,14278,8792,2360,Holiday,70,Women,3126,615440,0,Mid,2022-12-01,2023-01-11,0.1652892561983471,0.615772517159266,0.21893822664238688,41
Onitsuka Tiger Mexico 66,Classic,40595,22337,6482,Standard,100,Men,11776,2233700,0,Mid,2019-10-01,2019-10-24,0.1596748368025619,0.550240177361744,0.29008498583569403,23
Lacoste Carnaby Evo,Almond,28643,7339,1954,Holiday,95,Women,19350,697205,0,Mid,2016-11-01,2016-11-30,0.06821911112662779,0.25622316098174075,0.6755577278916315,29
Superga 2750 Cotu Classic,Crisper,26299,20358,5641,Anniversary,65,Women,300,1323270,0,Mid,2018-05-01,2018-06-26,0.2144948477128408,0.7740978744438952,0.011407277843264002,56
Saucony Jazz Original,Classic,21970,12501,9424,Standard,80,Women,45,1000080,0,Mid,2021-08-01,2021-10-17,0.4289485662266727,0.5690031861629494,0.002048247610377788,77
Columbia Trailstorm Waterproof,Brownie,15273,7870,3854,Anniversary,110,Men,3549,865700,0,High,2020-10-01,2020-12-06,0.2523407320107379,0.5152884174687357,0.23237085052052642,66
Nike Air Force 1 '07 Sneakers,Brownie,67132,46601,16112,Anniversary,115,Women,4419,5359115,0,High,2016-01-01,2016-01-19,0.2400047667282369,0.6941696955252339,0.06582553774652923,18
Adidas Originals Samba OG Shoes,Almond,97835,18710,21079,Anniversary,100,Women,58046,1871000,0,Mid,2018-09-01,2018-10-08,0.21545459191495886,0.19124035365666683,0.5933050544283743,37
Air Jordan 1 Mid Shoes,Creamy,62488,58317,300,Standard,110,Women,3871,6414870,0,High,2020-02-01,2020-03-01,0.0048009217769811804,0.9332511842273716,0.061947893995647166,29
Red Tape Casual Sneakers,Classic,62976,61682,1053,Standard,35,Women,241,2158870,0,Low,2024-04-01,2024-05-28,0.016720655487804877,0.9794524898373984,0.0038268546747967478,57
Nike Court Vision Low Shoes,Crisper,17104,8073,8494,Special Release,80,Women,537,645840,1,Mid,2019-01-01,2019-02-13,0.4966089803554724,0.47199485500467725,0.03139616463985033,43
Puma Smash V2 Sneakers,White Chocolate,16764,8335,4375,Limited,65,Women,4054,541775,1,Mid,2021-02-01,2021-03-23,0.26097590073968024,0.49719637318062515,0.24182772607969458,50
Converse Chuck Taylor All Star,Creamy,73532,20915,1891,Special Release,60,Men,50726,1254900,1,Mid,2022-01-01,2022-01-28,0.025716694772344013,0.28443398792362506,0.6898493173040309,27
New Balance 574 Core,Almond,82199,6792,72384,Standard,90,Men,3023,611280,0,Mid,2019-07-01,2019-08-16,0.8805946544361853,0.08262874244212216,0.03677660312169248,46
Reebok Classic Leather,Crisper,25396,10045,8165,Holiday,85,Women,7186,853825,0,Mid,2023-01-01,2023-03-27,0.3215073239880296,0.39553472987872107,0.2829579461332493,85
Under Armour Charged Assert 9,Crisper,73242,66894,1996,Special Release,75,Men,4352,5017050,1,Mid,2020-02-01,2020-04-14,0.027252123098768465,0.9133284181207504,0.059419458780481146,73
Fila Disruptor II Premium,Brownie,76616,22892,4575,Anniversary,70,Women,49149,1602440,0,Mid,2018-02-01,2018-03-15,0.059713375796178345,0.2987887647488775,0.6414978594549441,42
ASICS Gel-Quantum 90,White Chocolate,10336,7317,2973,Special Release,100,Women,46,731700,1,Mid,2018-05-01,2018-07-20,0.2876354489164087,0.7079140866873065,0.00445046439628483,80
Skechers D'Lites,White Chocolate,29476,19632,8824,Holiday,75,Women,1020,1472400,0,Mid,2020-06-01,2020-07-27,0.29936219297055233,0.6660333830913285,0.03460442393811915,56
Vans Old Skool,Crisper,52176,17363,15650,Anniversary,70,Women,19163,1215410,0,Mid,2021-05-01,2021-06-29,0.2999463354799141,0.33277752223244406,0.3672761422876418,59
Onitsuka Tiger Mexico 66,Classic,51704,35996,11554,Anniversary,100,Men,4154,3599600,0,Mid,2024-02-01,2024-04-17,0.2234643354479344,0.6961937180875755,0.08034194646449018,76
Lacoste Carnaby Evo,Crisper,14852,7068,4114,Holiday,95,Women,3670,671460,0,Mid,2021-08-01,2021-10-11,0.27699973067600325,0.475895502289254,0.2471047670347428,71
Superga 2750 Cotu Classic,Classic,78937,64890,251,Limited,65,Men,13796,4217850,1,Mid,2023-02-01,2023-02-21,0.003179750940623535,0.8220479622990486,0.17477228676032786,20
Hoka One One Clifton 8,Classic,71537,39737,11093,Anniversary,140,Women,20707,5563180,0,High,2021-12-01,2022-01-12,0.15506660888770846,0.5554747892698884,0.28945860184240324,42
Saucony Jazz Original,White Chocolate,98389,74942,12452,Anniversary,80,Men,10995,5995360,0,Mid,2018-07-01,2018-08-12,0.12655886328756263,0.7616908394231062,0.11175029728933113,42
Columbia Trailstorm Waterproof,Brownie,18968,8846,4708,Standard,110,Men,5414,973060,0,High,2017-07-01,2017-08-28,0.24820750738085195,0.46636440320539857,0.2854280894137495,58
Nike Air Force 1 '07 Sneakers,White Chocolate,93066,18173,58153,Holiday,115,Men,16740,2089895,0,High,2016-11-01,2016-12-15,0.6248576279199708,0.19527002342423655,0.17987234865579266,44
Adidas Originals Samba OG Shoes,Almond,17355,9806,2936,Anniversary,100,Women,4613,980600,0,Mid,2019-03-01,2019-05-16,0.16917314894842986,0.5650244886199942,0.2658023624315759,76
Air Jordan 1 Mid Shoes,Brownie,99364,28600,22280,Standard,110,Women,48484,3146000,0,High,2016-12-01,2017-02-28,0.2242260778551588,0.28783060263274424,0.48794331951209696,89
Red Tape Casual Sneakers,Brownie,99539,36566,32615,Limited,35,Women,30358,1279810,1,Low,2021-07-01,2021-09-15,0.32766051497403026,0.36735349963330954,0.30498598539266014,76
Nike Court Vision Low Shoes,Crisper,43466,5615,30490,Special Release,80,Women,7361,449200,1,Mid,2018-03-01,2018-03-16,0.7014678139235264,0.12918142916302397,0.16935075691344958,15
Puma Smash V2 Sneakers,Almond,87014,44210,41873,Holiday,65,Women,931,2873650,0,Mid,2019-10-01,2019-11-11,0.48122141264624085,0.5080791596754545,0.01069942767830464,41
Converse Chuck Taylor All Star,Peanut Butter,60422,36667,3494,Anniversary,60,Women,20261,2200020,0,Mid,2017-08-01,2017-10-16,0.05782661944324915,0.6068484988911323,0.33532488166561847,76
New Balance 574 Core,Creamy,48696,6437,25939,Standard,90,Men,16320,579330,0,Mid,2018-01-01,2018-01-18,0.5326720880565139,0.13218744866108098,0.3351404632824051,17
Reebok Classic Leather,Brownie,75107,42512,25419,Limited,85,Women,7176,3613520,1,Mid,2023-12-01,2024-02-23,0.33843716298081405,0.5660191460183471,0.0955436910008388,84
Under Armour Charged Assert 9,Peanut Butter,93442,29920,40690,Limited,75,Men,22832,2244000,1,Mid,2017-10-01,2017-12-26,0.4354572890135057,0.32019862588557607,0.2443440851009182,86
Fila Disruptor II Premium,Almond,67779,7186,37982,Limited,70,Women,22611,503020,1,Mid,2019-02-01,2019-03-14,0.5603800587202525,0.10602103896487113,0.33359890231487627,41
ASICS Gel-Quantum 90,Almond,64460,16510,13159,Special Release,100,Women,34791,1651000,1,Mid,2016-06-01,2016-06-24,0.20414210363015825,0.25612783121315547,0.5397300651566863,23
Skechers D'Lites,Brownie,75771,40720,10783,Anniversary,75,Women,24268,3054000,0,Mid,2017-11-01,2018-01-16,0.14231038260020323,0.5374087711657495,0.32028084623404734,76
Vans Old Skool,Creamy,54396,12547,30692,Limited,70,Men,11157,878290,1,Mid,2015-11-01,2015-12-22,0.5642326641664829,0.23066034267225533,0.20510699316126185,51
Onitsuka Tiger Mexico 66,White Chocolate,98647,93395,3255,Special Release,100,Women,1997,9339500,1,Mid,2024-06-01,2024-08-05,0.032996441858343384,0.9467596581751092,0.020243899966547386,65
Lacoste Carnaby Evo,Classic,44663,40164,1012,Holiday,95,Women,3487,3815580,0,Mid,2020-02-01,2020-03-30,0.022658576450305622,0.8992678503459239,0.07807357320377045,58
Superga 2750 Cotu Classic,Brownie,59941,58897,760,Limited,65,Women,284,3828305,1,Mid,2016-03-01,2016-04-08,0.01267913448224087,0.9825828731586059,0.004737992359153167,38
Hoka One One Clifton 8,Brownie,39015,9142,20820,Anniversary,140,Women,9053,1279880,0,High,2024-03-01,2024-05-13,0.5336409073433295,0.234320133282071,0.2320389593745995,73
Saucony Jazz Original,Creamy,63516,12646,9160,Standard,80,Women,41710,1011680,0,Mid,2015-07-01,2015-08-16,0.14421563070722337,0.19909943951130424,0.6566849297814724,46
Columbia Trailstorm Waterproof,Classic,22739,12693,8807,Anniversary,110,Women,1239,1396230,0,High,2016-07-01,2016-09-05,0.3873081489951185,0.5582039667531554,0.05448788425172611,66
Nike Air Force 1 '07 Sneakers,Brownie,30253,18594,10730,Anniversary,115,Women,929,2138310,0,High,2016-02-01,2016-04-17,0.35467556936502165,0.6146167322249033,0.030707698410075035,76
Adidas Originals Samba OG Shoes,Classic,58566,19238,29057,Limited,100,Men,10271,1923800,1,Mid,2019-12-01,2020-02-11,0.4961411057610218,0.3284841034047058,0.17537479083427243,72
Air Jordan 1 Mid Shoes,Creamy,58147,40682,11753,Anniversary,110,Men,5712,4475020,0,High,2015-09-01,2015-11-06,0.2021256470669166,0.6996405661513062,0.09823378678177722,66
Red Tape Casual Sneakers,White Chocolate,69600,11007,43435,Special Release,35,Men,15158,385245,1,Low,2017-05-01,2017-05-27,0.624066091954023,0.15814655172413794,0.21778735632183907,26
Nike Court Vision Low Shoes,White Chocolate,53713,20962,32401,Special Release,80,Men,350,1676960,1,Mid,2016-05-01,2016-06-23,0.6032245452683708,0.3902593413140208,0.006516113417608401,53
Puma Smash V2 Sneakers,Brownie,38305,20269,10766,Limited,65,Men,7270,1317485,1,Mid,2023-09-01,2023-09-17,0.2810599138493669,0.5291476308575904,0.18979245529304267,16
Converse Chuck Taylor All Star,Almond,28964,9259,17701,Limited,60,Men,2004,555540,1,Mid,2017-10-01,2017-10-18,0.6111379643695622,0.3196726971412788,0.06918933848915895,17
New Balance 574 Core,Peanut Butter,11947,7934,3235,Limited,90,Men,778,714060,1,Mid,2023-11-01,2024-01-10,0.27077927513183225,0.6640997740018415,0.06512095086632627,70
Reebok Classic Leather,Peanut Butter,44782,8434,8307,Anniversary,85,Men,28041,716890,0,Mid,2023-04-01,2023-06-13,0.18549863784556295,0.18833459872270109,0.6261667634317359,73
Under Armour Charged Assert 9,Crisper,68756,55988,5931,Special Release,75,Men,6837,4199100,1,Mid,2020-10-01,2020-10-17,0.08626156262726162,0.8142998429227994,0.09943859444993891,16
Fila Disruptor II Premium,Brownie,15683,13543,1235,Standard,70,Women,905,948010,0,Mid,2020-02-01,2020-02-17,0.07874768857999108,0.8635465153350762,0.05770579608493273,16
ASICS Gel-Quantum 90,White Chocolate,62640,32936,22482,Anniversary,100,Women,7222,3293600,0,Mid,2016-03-01,2016-05-08,0.3589080459770115,0.5257982120051086,0.11529374201787995,68
Skechers D'Lites,Classic,20589,10277,9966,Standard,75,Women,346,770775,0,Mid,2016-08-01,2016-08-16,0.4840448783330905,0.49915003157025595,0.01680509009665355,15
Vans Old Skool,Crisper,88301,74541,4831,Special Release,70,Men,8929,5217870,1,Mid,2020-02-01,2020-03-05,0.05471059217902402,0.8441693752052638,0.10112003261571216,33
Onitsuka Tiger Mexico 66,White Chocolate,24996,23066,1476,Limited,100,Men,454,2306600,1,Mid,2024-09-01,2024-09-17,0.059049447911665866,0.9227876460233637,0.018162906064970397,16
Lacoste Carnaby Evo,Crisper,54424,34720,13065,Standard,95,Women,6639,3298400,0,Mid,2019-08-01,2019-10-07,0.24005953255916507,0.6379538438924004,0.12198662354843451,67
Superga 2750 Cotu Classic,Creamy,43408,29530,2500,Anniversary,65,Men,11378,1919450,0,Mid,2022-09-01,2022-10-29,0.05759307040176926,0.6802893475856985,0.26211758201253227,58
Hoka One One Clifton 8,Classic,66606,11328,48797,Holiday,140,Men,6481,1585920,0,High,2023-04-01,2023-05-17,0.732621685734018,0.1700747680389154,0.09730354622706663,46
Saucony Jazz Original,Brownie,83608,78620,2700,Standard,80,Women,2288,6289600,0,Mid,2022-07-01,2022-09-23,0.032293560424839725,0.9403406372595924,0.02736580231556789,84
Columbia Trailstorm Waterproof,White Chocolate,16743,9712,4918,Holiday,110,Men,2113,1068320,0,High,2018-07-01,2018-08-16,0.2937346950964582,0.5800633100400168,0.12620199486352507,46
Nike Air Force 1 '07 Sneakers,Peanut Butter,96079,68201,7348,Standard,115,Women,20530,7843115,0,High,2024-07-01,2024-09-21,0.07647873104424484,0.7098429417458549,0.21367832720990018,82
Adidas Originals Samba OG Shoes,Classic,46512,42624,926,Anniversary,100,Men,2962,4262400,0,Mid,2024-01-01,2024-03-10,0.019908840729274166,0.9164086687306502,0.06368249054007567,69
Air Jordan 1 Mid Shoes,Brownie,96223,95894,136,Limited,110,Women,193,10548340,1,High,2015-04-01,2015-06-29,0.0014133834945906903,0.996580859046174,0.002005757459235318,89
Red Tape Casual Sneakers,Almond,56009,5400,11888,Limited,35,Women,38721,189000,1,Low,2024-10-01,2024-12-10,0.21225160242103946,0.09641307646985306,0.6913353211091074,70
Nike Court Vision Low Shoes,Classic,28595,25747,125,Special Release,80,Women,2723,2059760,1,Mid,2016-01-01,2016-02-01,0.004371393600279769,0.9004021682112258,0.0952264381884945,31
Puma Smash V2 Sneakers,Crisper,54681,15315,24251,Holiday,65,Men,15115,995475,0,Mid,2018-06-01,2018-07-23,0.4434995702346336,0.28007900367586547,0.27642142608950093,52
Converse Chuck Taylor All Star,Classic,30392,10158,1630,Standard,60,Women,18604,609480,0,Mid,2022-07-01,2022-08-08,0.05363253487759937,0.3342326928138984,0.6121347723085022,38
New Balance 574 Core,Crisper,89570,62939,13571,Limited,90,Men,13060,5664510,1,Mid,2018-01-01,2018-03-25,0.15151278329797924,0.7026794685720665,0.14580774812995423,83
Reebok Classic Leather,Almond,66349,12267,18562,Special Release,85,Women,35520,1042695,1,Mid,2022-08-01,2022-10-24,0.27976307103347453,0.1848859817028139,0.5353509472637116,84
Under Armour Charged Assert 9,Classic,38903,30903,4909,Standard,75,Men,3091,2317725,0,Mid,2015-08-01,2015-08-26,0.12618564121018944,0.7943603321080637,0.0794540266817469,25
Fila Disruptor II Premium,White Chocolate,27987,13372,4742,Standard,70,Women,9873,936040,0,Mid,2018-09-01,2018-10-01,0.16943580948297424,0.47779326115696574,0.35277092936006005,30
ASICS Gel-Quantum 90,Peanut Butter,26932,17458,8725,Limited,100,Women,749,1745800,1,Mid,2022-11-01,2023-01-27,0.3239640576266152,0.6482251596613694,0.027810782712015446,87
Skechers D'Lites,Classic,62044,61476,43,Standard,75,Men,525,4610700,0,Mid,2019-11-01,2020-01-13,0.0006930565405196313,0.9908452066275546,0.00846173683192573,73
Vans Old Skool,White Chocolate,51033,42732,7033,Anniversary,70,Women,1268,2991240,0,Mid,2021-06-01,2021-08-24,0.13781278780397,0.8373405443536536,0.0248466678423765,84
Onitsuka Tiger Mexico 66,Almond,25096,18272,170,Limited,100,Women,6654,1827200,1,Mid,2018-08-01,2018-08-18,0.00677398788651578,0.7280841568377431,0.26514185527574113,17
Lacoste Carnaby Evo,White Chocolate,57428,10775,28620,Standard,95,Women,18033,1023625,0,Mid,2024-06-01,2024-07-05,0.49836316779271433,0.18762624503726405,0.3140105871700216,34
Superga 2750 Cotu Classic,Brownie,20308,11484,5083,Holiday,65,Men,3741,746460,0,Mid,2023-05-01,2023-07-13,0.25029545006893833,0.5654914319480008,0.18421311798306086,73
Hoka One One Clifton 8,Classic,76910,19945,34773,Limited,140,Women,22192,2792300,1,High,2020-09-01,2020-10-21,0.4521258613964374,0.25932908594461057,0.28854505265895203,50
Saucony Jazz Original,Almond,94599,24358,30968,Limited,80,Men,39273,1948640,1,Mid,2016-02-01,2016-03-05,0.32736075434201206,0.2574868656116872,0.41515238004630073,33
Columbia Trailstorm Waterproof,Brownie,30036,29910,97,Standard,110,Women,29,3290100,0,High,2022-05-01,2022-07-21,0.00322945798375283,0.9958050339592489,0.0009655080569982687,81
Nike Air Force 1 '07 Sneakers,Crisper,83889,80952,1838,Special Release,115,Women,1099,9309480,1,High,2022-08-01,2022-09-03,0.02190990475509304,0.9649894503450989,0.01310064489980808,33
Adidas Originals Samba OG Shoes,White Chocolate,92210,46436,9893,Standard,100,Women,35881,4643600,0,Mid,2019-12-01,2020-01-04,0.10728771282941113,0.5035896323609153,0.38912265480967356,34
Air Jordan 1 Mid Shoes,White Chocolate,46002,43759,230,Special Release,110,Women,2013,4813490,1,High,2018-12-01,2019-02-24,0.004999782618147037,0.9512412503804183,0.04375896700143472,85
Red Tape Casual Sneakers,Crisper,14929,5932,6041,Holiday,35,Men,2956,207620,0,Low,2024-04-01,2024-06-06,0.4046486703730993,0.39734744457096927,0.19800388505593142,66
Nike Court Vision Low Shoes,Brownie,87867,71462,12598,Special Release,80,Men,3807,5716960,1,Mid,2020-03-01,2020-04-17,0.1433757838551447,0.8132973698885816,0.043326846256273685,47
Puma Smash V2 Sneakers,Crisper,84928,29672,21071,Anniversary,65,Men,34185,1928680,0,Mid,2021-10-01,2021-11-24,0.24810427656367748,0.349378296910324,0.4025174265259985,54
Converse Chuck Taylor All Star,Crisper,23566,16253,5851,Special Release,60,Men,1462,975180,1,Mid,2015-12-01,2016-01-23,0.24828142238818637,0.6896800475260969,0.06203853008571671,53
New Balance 574 Core,Peanut Butter,67377,33797,10403,Holiday,90,Women,23177,3041730,0,Mid,2019-01-01,2019-01-16,0.15439986939163217,0.5016103418080354,0.34398978880033243,15
Reebok Classic Leather,Crisper,54350,49492,428,Holiday,85,Men,4430,4206820,0,Mid,2023-11-01,2023-11-26,0.007874885004599815,0.9106163753449862,0.08150873965041398,25
Under Armour Charged Assert 9,Brownie,98916,55667,18621,Special Release,75,Women,24628,4175025,1,Mid,2017-10-01,2017-12-11,0.1882506369040398,0.562770431477213,0.2489789316187472,71
Fila Disruptor II Premium,Classic,86380,23537,60079,Holiday,70,Women,2764,1647590,0,Mid,2018-12-01,2019-02-03,0.6955197962491317,0.2724820560314888,0.031998147719379484,64
ASICS Gel-Quantum 90,Peanut Butter,87993,16104,40577,Anniversary,100,Women,31312,1610400,0,Mid,2021-04-01,2021-05-08,0.46113895423499596,0.18301455797620264,0.3558464877888014,37
Skechers D'Lites,White Chocolate,26750,22248,765,Anniversary,75,Men,3737,1668600,0,Mid,2022-03-01,2022-04-15,0.028598130841121495,0.8317009345794393,0.13970093457943925,45
Vans Old Skool,Almond,50483,16813,14037,Anniversary,70,Men,19633,1176910,0,Mid,2018-10-01,2018-11-26,0.27805399837569084,0.3330428064893132,0.38890319513499594,56
Onitsuka Tiger Mexico 66,Peanut Butter,20114,9846,1657,Special Release,100,Men,8611,984600,1,Mid,2020-09-01,2020-09-22,0.08238043154022075,0.48950979417321266,0.42810977428656655,21
Lacoste Carnaby Evo,Creamy,54140,45503,2147,Anniversary,95,Men,6490,4322785,0,Mid,2021-09-01,2021-10-01,0.03965644625046177,0.8404691540450684,0.11987439970446989,30
Superga 2750 Cotu Classic,White Chocolate,91885,26697,47263,Standard,65,Men,17925,1735305,0,Mid,2019-11-01,2020-01-14,0.5143712249006911,0.2905479675681559,0.19508080753115306,74
Hoka One One Clifton 8,Crisper,90031,42346,29420,Special Release,140,Women,18265,5928440,1,High,2017-08-01,2017-08-17,0.3267763325965501,0.47034910197598606,0.20287456542746388,16
Saucony Jazz Original,White Chocolate,35430,17053,14437,Holiday,80,Women,3940,1364240,0,Mid,2020-03-01,2020-03-16,0.4074795371154389,0.48131526954558285,0.11120519333897827,15
Columbia Trailstorm Waterproof,Peanut Butter,36174,31255,1133,Holiday,110,Women,3786,3438050,0,High,2024-10-01,2024-12-02,0.03132083817106209,0.8640183557251064,0.10466080610383148,62
Nike Air Force 1 '07 Sneakers,White Chocolate,58655,41342,3361,Special Release,115,Women,13952,4754330,1,High,2022-12-01,2022-12-27,0.057301167845878444,0.7048333475407041,0.23786548461341744,26
Adidas Originals Samba OG Shoes,Classic,31012,13938,14723,Limited,100,Men,2351,1393800,1,Mid,2020-10-01,2020-12-23,0.47475170901586483,0.4494389268670192,0.07580936411711596,83
Air Jordan 1 Mid Shoes,Peanut Butter,69130,62975,2863,Anniversary,110,Women,3292,6927250,0,High,2015-04-01,2015-05-22,0.04141472587877911,0.9109648488355273,0.04762042528569362,51
Red Tape Casual Sneakers,Peanut Butter,60615,10348,24570,Standard,35,Men,25697,362180,0,Low,2017-07-01,2017-08-16,0.4053452115812918,0.1707168192691578,0.42393796914955045,46
Nike Court Vision Low Shoes,White Chocolate,95191,48947,9571,Standard,80,Women,36673,3915760,0,Mid,2016-07-01,2016-07-24,0.10054521961109769,0.5141977707976595,0.38525700959124287,23
Puma Smash V2 Sneakers,Creamy,28191,28119,60,Special Release,65,Men,12,1827735,1,Mid,2020-01-01,2020-02-03,0.0021283388315419816,0.9974459934021497,0.0004256677663083963,33
Converse Chuck Taylor All Star,Classic,43544,19133,4899,Special Release,60,Men,19512,1147980,1,Mid,2021-02-01,2021-04-04,0.11250688958295058,0.43939463531140915,0.44809847510564027,62
New Balance 574 Core,White Chocolate,47762,20573,9868,Standard,90,Women,17321,1851570,0,Mid,2016-05-01,2016-05-18,0.20660776349399104,0.43073991876387085,0.3626523177421381,17
Reebok Classic Leather,Classic,24530,21378,2444,Standard,85,Men,708,1817130,0,Mid,2021-01-01,2021-02-04,0.09963310232368529,0.8715042804728903,0.028862617203424378,34
Under Armour Charged Assert 9,Creamy,28818,14544,7032,Special Release,75,Women,7242,1090800,1,Mid,2015-01-01,2015-02-08,0.2440141578180304,0.504684572142411,0.2513012700395586,38
Fila Disruptor II Premium,Peanut Butter,97080,92584,701,Holiday,70,Men,3795,6480880,0,Mid,2020-11-01,2021-01-08,0.007220848784507622,0.9536876802637,0.039091470951792336,68
ASICS Gel-Quantum 90,Crisper,71621,10706,41659,Holiday,100,Men,19256,1070600,0,Mid,2019-05-01,2019-06-17,0.5816590106253753,0.14948129738484522,0.26885969198977955,47
Skechers D'Lites,Almond,18855,10649,3950,Standard,75,Women,4256,798675,0,Mid,2023-03-01,2023-04-08,0.20949350304958897,0.5647838769557146,0.22572261999469637,38
Vans Old Skool,Peanut Butter,15811,10772,4472,Limited,70,Women,567,754040,1,Mid,2018-10-01,2018-12-29,0.282841060021504,0.681297830624249,0.035861109354247044,89
Onitsuka Tiger Mexico 66,Creamy,72722,28891,8837,Anniversary,100,Men,34994,2889100,0,Mid,2015-09-01,2015-11-26,0.12151756002310167,0.3972800528038283,0.48120238717307007,86
Lacoste Carnaby Evo,Classic,36144,34025,171,Holiday,95,Women,1948,3232375,0,Mid,2018-07-01,2018-08-20,0.0047310756972111555,0.9413733953076583,0.05389552899513059,50
Superga 2750 Cotu Classic,Almond,14799,8131,2343,Standard,65,Women,4325,528515,0,Mid,2019-01-01,2019-02-22,0.1583215082100142,0.5494290154740186,0.2922494763159673,52
Saucony Jazz Original,Almond,34486,21259,11338,Holiday,80,Women,1889,1700720,0,Mid,2020-07-01,2020-08-02,0.3287710955170214,0.6164530534129792,0.05477585106999942,32
Columbia Trailstorm Waterproof,White Chocolate,20828,16912,1738,Anniversary,110,Men,2178,1860320,0,High,2015-11-01,2016-01-20,0.08344536201267524,0.8119838678701747,0.10457077011714999,80
Nike Air Force 1 '07 Sneakers,Brownie,48504,26050,3361,Holiday,115,Women,19093,2995750,0,High,2015-11-01,2016-01-08,0.06929325416460498,0.5370691077024575,0.3936376381329375,68
Adidas Originals Samba OG Shoes,Crisper,88986,60851,5460,Anniversary,100,Men,22675,6085100,0,Mid,2022-09-01,2022-10-20,0.06135796642168431,0.6838266693637202,0.25481536421459555,49
Air Jordan 1 Mid Shoes,Creamy,56210,45294,7126,Standard,110,Women,3790,4982340,0,High,2018-01-01,2018-03-17,0.12677459526774595,0.8057996797722825,0.06742572495997154,75
Red Tape Casual Sneakers,Almond,77251,25969,2040,Special Release,35,Women,49242,908915,1,Low,2016-08-01,2016-09-25,0.026407425146600043,0.3361639331529689,0.637428641700431,55
Nike Court Vision Low Shoes,Classic,26545,7203,7733,Holiday,80,Men,11609,576240,0,Mid,2023-09-01,2023-10-18,0.2913166321341119,0.2713505368242607,0.4373328310416274,47
Puma Smash V2 Sneakers,Brownie,30111,27251,1842,Holiday,65,Men,1018,1771315,0,Mid,2019-02-01,2019-04-24,0.06117365746737073,0.9050180996977849,0.03380824283484441,82
Converse Chuck Taylor All Star,Brownie,28047,22349,3006,Holiday,60,Men,2692,1340940,0,Mid,2019-06-01,2019-07-18,0.1071772382072949,0.7968410168645488,0.09598174492815631,47
New Balance 574 Core,Classic,13396,8048,4088,Anniversary,90,Men,1260,724320,0,Mid,2020-10-01,2020-10-29,0.30516572111077933,0.6007763511495969,0.09405792773962376,28
Reebok Classic Leather,Almond,44116,34246,3515,Holiday,85,Women,6355,2910910,0,Mid,2021-11-01,2021-12-06,0.07967630791549551,0.776271647474839,0.14405204460966542,35
Under Armour Charged Assert 9,Peanut Butter,26074,9447,2426,Limited,75,Women,14201,708525,1,Mid,2020-01-01,2020-03-03,0.09304287796272148,0.36231494975838,0.5446421722788986,62
Fila Disruptor II Premium,Classic,99381,46889,43767,Standard,70,Women,8725,3282230,0,Mid,2018-11-01,2018-12-05,0.4403960515591511,0.47181050703856875,0.08779344140228011,34
ASICS Gel-Quantum 90,Almond,30644,28324,713,Holiday,100,Men,1607,2832400,0,Mid,2023-11-01,2023-11-23,0.023267197493799765,0.9242918679023626,0.05244093460383762,22
Skechers D'Lites,Peanut Butter,28202,12757,12949,Standard,75,Women,2496,956775,0,Mid,2020-07-01,2020-07-22,0.4591518332033189,0.4523438054038721,0.08850436139280903,21
Onitsuka Tiger Mexico 66,Creamy,72739,58843,12601,Special Release,100,Women,1295,5884300,1,Mid,2019-08-01,2019-09-01,0.1732358157247144,0.8089608050701824,0.01780337920510318,31
Lacoste Carnaby Evo,Creamy,19720,12372,3816,Special Release,95,Men,3532,1175340,1,Mid,2022-08-01,2022-09-17,0.19350912778904666,0.6273833671399595,0.1791075050709939,47
Superga 2750 Cotu Classic,White Chocolate,26912,19176,4119,Standard,65,Men,3617,1246440,0,Mid,2024-09-01,2024-11-02,0.15305439952437574,0.7125445897740785,0.13440101070154578,62
Hoka One One Clifton 8,Almond,31581,10307,10572,Limited,140,Women,10702,1442980,1,High,2022-12-01,2023-03-01,0.33475824071435356,0.32636711947056773,0.3388746398150787,90
Saucony Jazz Original,White Chocolate,20336,9105,3216,Special Release,80,Women,8015,728400,1,Mid,2022-02-01,2022-04-15,0.15814319433516916,0.44772816679779703,0.3941286388670338,73
Columbia Trailstorm Waterproof,Brownie,79924,17245,32936,Limited,110,Men,29743,1896950,1,High,2022-03-01,2022-04-06,0.4120914869125669,0.2157674791051499,0.37214103398228315,36
Nike Air Force 1 '07 Sneakers,Peanut Butter,96341,86851,5531,Special Release,115,Men,3959,9987865,1,High,2024-06-01,2024-07-15,0.05741065589935749,0.9014957287136318,0.04109361538701072,44
Adidas Originals Samba OG Shoes,Classic,15958,15509,394,Holiday,100,Women,55,1550900,0,Mid,2021-06-01,2021-07-23,0.024689810753227223,0.9718636420604085,0.003446547186364206,52
Red Tape Casual Sneakers,Crisper,42096,31613,4873,Standard,35,Men,5610,1106455,0,Low,2020-02-01,2020-04-09,0.11575921702774611,0.7509739642721399,0.13326681870011403,68
Nike Court Vision Low Shoes,Crisper,64476,36735,15218,Holiday,80,Women,12523,2938800,0,Mid,2017-04-01,2017-04-23,0.23602580805260873,0.569746882560953,0.19422730938643837,22
Puma Smash V2 Sneakers,White Chocolate,51853,27634,13065,Holiday,65,Men,11154,1796210,0,Mid,2016-06-01,2016-07-12,0.2519622779781305,0.5329296279868089,0.21510809403506065,41
Converse Chuck Taylor All Star,Almond,41685,35570,1003,Anniversary,60,Men,5112,2134200,0,Mid,2017-12-01,2018-01-11,0.024061412978289554,0.8533045459997601,0.12263404102195034,41
New Balance 574 Core,Classic,48038,30175,13701,Limited,90,Women,4162,2715750,1,Mid,2017-10-01,2017-11-05,0.28521170739830964,0.6281485490653232,0.08663974353636704,35
Reebok Classic Leather,Peanut Butter,30885,21327,8433,Anniversary,85,Women,1125,1812795,0,Mid,2020-03-01,2020-04-14,0.27304516755706654,0.6905293831957261,0.036425449247207385,44
Under Armour Charged Assert 9,Classic,21802,17885,2070,Limited,75,Women,1847,1341375,1,Mid,2020-02-01,2020-03-14,0.09494541785157325,0.8203375837079167,0.08471699844051005,42
Fila Disruptor II Premium,Classic,16624,9609,4054,Anniversary,70,Men,2961,672630,0,Mid,2021-09-01,2021-11-18,0.24386429258902792,0.5780197305101059,0.17811597690086622,78
Skechers D'Lites,Almond,15930,11563,419,Special Release,75,Women,3948,867225,1,Mid,2021-05-01,2021-07-15,0.026302573760200877,0.7258631512868801,0.24783427495291901,75
Vans Old Skool,Classic,60639,38046,14757,Special Release,70,Men,7836,2663220,1,Mid,2023-07-01,2023-09-01,0.24335823479938654,0.6274179983179142,0.12922376688269926,62
Onitsuka Tiger Mexico 66,Peanut Butter,22672,17907,3057,Holiday,100,Women,1708,1790700,0,Mid,2023-11-01,2023-12-04,0.13483592095977417,0.7898288637967537,0.07533521524347213,33
Lacoste Carnaby Evo,White Chocolate,28909,11522,16682,Special Release,95,Men,705,1094590,1,Mid,2019-07-01,2019-07-19,0.5770521290947456,0.3985610017641565,0.024386869141097927,18
Superga 2750 Cotu Classic,Peanut Butter,53652,36047,17017,Limited,65,Men,588,2343055,1,Mid,2020-02-01,2020-03-21,0.3171736375158428,0.6718668455975546,0.010959516886602549,49
Hoka One One Clifton 8,Almond,90356,46750,10649,Special Release,140,Women,32957,6545000,1,High,2019-05-01,2019-07-18,0.11785603612377706,0.5173978485103369,0.364746115365886,78
Saucony Jazz Original,Brownie,54089,38247,13570,Special Release,80,Women,2272,3059760,1,Mid,2020-09-01,2020-11-03,0.25088280426704135,0.7071123518645196,0.04200484386843906,63
Columbia Trailstorm Waterproof,Crisper,12180,8017,2713,Standard,110,Women,1450,881870,0,High,2022-07-01,2022-08-01,0.22274220032840722,0.6582101806239737,0.11904761904761904,31
Nike Air Force 1 '07 Sneakers,White Chocolate,92478,8492,78238,Holiday,115,Men,5748,976580,0,High,2020-04-01,2020-05-29,0.8460174311728195,0.09182724539890569,0.06215532342827483,58
Adidas Originals Samba OG Shoes,Creamy,16731,14560,1967,Special Release,100,Women,204,1456000,1,Mid,2016-11-01,2016-12-15,0.11756619448927141,0.8702408702408703,0.012192935269858346,44
Air Jordan 1 Mid Shoes,Peanut Butter,99224,36745,2069,Standard,110,Women,60410,4041950,0,High,2021-06-01,2021-07-31,0.020851810045956622,0.37032371200516007,0.6088244779488833,60
Red Tape Casual Sneakers,Almond,64890,14924,27063,Limited,35,Women,22903,522340,1,Low,2022-09-01,2022-09-21,0.4170596393897365,0.22998921251348436,0.3529511480967792,20
Nike Court Vision Low Shoes,White Chocolate,18163,16563,282,Limited,80,Women,1318,1325040,1,Mid,2020-10-01,2020-11-21,0.015526069481913781,0.9119088256345318,0.07256510488355448,51
Puma Smash V2 Sneakers,Brownie,59391,25562,11349,Special Release,65,Women,22480,1661530,1,Mid,2020-02-01,2020-03-10,0.19108955902409455,0.4304019127477227,0.3785085282281827,38
Converse Chuck Taylor All Star,Creamy,99226,89319,4331,Anniversary,60,Men,5576,5359140,0,Mid,2021-11-01,2021-12-31,0.04364783423699434,0.9001572168584847,0.056194948904520994,60
New Balance 574 Core,Almond,83149,44124,14736,Holiday,90,Women,24289,3971160,0,Mid,2018-05-01,2018-07-07,0.177224019531203,0.5306618239545875,0.2921141565142094,67
Reebok Classic Leather,Almond,72888,50718,18366,Holiday,85,Women,3804,4311030,0,Mid,2023-12-01,2024-02-13,0.2519756338491933,0.6958347053012841,0.052189660849522555,74
Under Armour Charged Assert 9,Crisper,55237,14599,19035,Holiday,75,Men,21603,1094925,0,Mid,2015-06-01,2015-08-17,0.34460597063562465,0.26429748176041423,0.3910965476039611,77
Fila Disruptor II Premium,Almond,67983,47989,8403,Anniversary,70,Women,11591,3359230,0,Mid,2023-05-01,2023-06-16,0.12360443051939456,0.7058970625009193,0.1704985069796861,46
ASICS Gel-Quantum 90,Brownie,45601,13996,3579,Special Release,100,Men,28026,1399600,1,Mid,2021-11-01,2021-12-18,0.07848512094033025,0.3069230937918028,0.614591785267867,47
Skechers D'Lites,Creamy,79604,34579,41808,Standard,75,Women,3217,2593425,0,Mid,2017-08-01,2017-10-21,0.5251997387065976,0.43438771921008995,0.040412542083312394,81
Vans Old Skool,Creamy,71918,18178,44642,Limited,70,Men,9098,1272460,1,Mid,2023-08-01,2023-09-02,0.6207347256597792,0.2527600878778609,0.12650518646235992,32
Onitsuka Tiger Mexico 66,Crisper,95575,67350,15645,Limited,100,Women,12580,6735000,1,Mid,2022-04-01,2022-05-10,0.16369343447554277,0.7046821867643213,0.13162437876013602,39
Lacoste Carnaby Evo,Almond,47409,47329,7,Standard,95,Men,73,4496255,0,Mid,2023-08-01,2023-10-08,0.00014765128983948195,0.9983125566875488,0.0015397920226117403,68
Hoka One One Clifton 8,White Chocolate,62034,56639,4058,Holiday,140,Men,1337,7929460,0,High,2017-02-01,2017-04-23,0.06541573975561789,0.9130315633362349,0.021552696908147144,81
Saucony Jazz Original,Almond,84443,84007,54,Holiday,80,Women,382,6720560,0,Mid,2018-10-01,2018-11-30,0.0006394846227632841,0.9948367537865779,0.004523761590658788,60
Columbia Trailstorm Waterproof,Peanut Butter,76088,66344,4470,Standard,110,Women,5274,7297840,0,High,2017-02-01,2017-03-11,0.058747765744926926,0.8719377562821996,0.06931447797287352,38
Nike Air Force 1 '07 Sneakers,Creamy,43720,17202,461,Holiday,115,Men,26057,1978230,0,High,2023-04-01,2023-05-17,0.010544373284537969,0.3934583714547118,0.5959972552607502,46
Adidas Originals Samba OG Shoes,Peanut Butter,90079,88719,830,Anniversary,100,Men,530,8871900,0,Mid,2024-04-01,2024-06-01,0.009214134259927398,0.984902141453613,0.005883724286459663,61
Air Jordan 1 Mid Shoes,Crisper,97720,17502,24219,Anniversary,110,Men,55999,1925220,0,High,2016-07-01,2016-08-07,0.2478407695456406,0.17910356119525173,0.5730556692591077,37
Red Tape Casual Sneakers,Classic,44181,30137,3858,Holiday,35,Women,10186,1054795,0,Low,2020-01-01,2020-03-21,0.08732260473959394,0.6821258006835518,0.2305515945768543,80
Nike Court Vision Low Shoes,Brownie,85088,6498,34282,Holiday,80,Men,44308,519840,0,Mid,2022-05-01,2022-06-11,0.402900526513727,0.07636799548702519,0.5207314779992478,41
Puma Smash V2 Sneakers,Creamy,25495,20250,2513,Anniversary,65,Women,2732,1316250,0,Mid,2016-10-01,2016-10-17,0.09856834673465385,0.7942733869386154,0.10715826632673073,16
Converse Chuck Taylor All Star,Creamy,25389,14667,6021,Limited,60,Men,4701,880020,1,Mid,2021-11-01,2021-12-02,0.23714994682736618,0.5776911260782228,0.18515892709441095,31
New Balance 574 Core,Crisper,30078,19908,9924,Anniversary,90,Women,246,1791720,0,Mid,2019-03-01,2019-04-17,0.32994215040893676,0.6618791143028127,0.008178735288250548,47
Reebok Classic Leather,White Chocolate,80453,33627,16217,Special Release,85,Men,30609,2858295,1,Mid,2022-08-01,2022-08-24,0.20157110362571937,0.41797074068089446,0.3804581556933862,23
Under Armour Charged Assert 9,Brownie,68556,39614,23061,Standard,75,Men,5881,2971050,0,Mid,2019-01-01,2019-02-27,0.3363819359355855,0.577834179357022,0.0857838847073925,57
Fila Disruptor II Premium,Classic,81781,71255,3312,Special Release,70,Women,7214,4987850,1,Mid,2021-06-01,2021-08-02,0.04049840427483156,0.8712903975250975,0.08821119820007092,62
ASICS Gel-Quantum 90,White Chocolate,78202,62912,1904,Limited,100,Women,13386,6291200,1,Mid,2022-08-01,2022-09-23,0.024347203396332576,0.8044807038183167,0.17117209278535075,53
Skechers D'Lites,Classic,76895,63390,13249,Anniversary,75,Women,256,4754250,0,Mid,2015-08-01,2015-09-26,0.17229988945965277,0.8243708953768125,0.00332921516353469,56
Vans Old Skool,Crisper,83912,12567,60604,Holiday,70,Women,10741,879690,0,Mid,2022-07-01,2022-08-10,0.7222328153303461,0.14976403851654113,0.12800314615311278,40
Onitsuka Tiger Mexico 66,Almond,10395,6785,2368,Standard,100,Men,1242,678500,0,Mid,2015-10-01,2015-12-04,0.2278018278018278,0.6527176527176527,0.11948051948051948,64
Lacoste Carnaby Evo,Brownie,17897,6130,7734,Holiday,95,Men,4033,582350,0,Mid,2015-05-01,2015-06-09,0.43213946471475667,0.3425155053919651,0.2253450298932782,39
Superga 2750 Cotu Classic,White Chocolate,94085,89656,3443,Anniversary,65,Women,986,5827640,0,Mid,2019-03-01,2019-04-08,0.03659456874103204,0.9529255460487857,0.010479885210182283,38
Hoka One One Clifton 8,Crisper,20518,16185,1089,Holiday,140,Women,3244,2265900,0,High,2022-04-01,2022-04-28,0.05307534847451019,0.7888195730578029,0.1581050784676869,27
Saucony Jazz Original,Brownie,26691,12297,13677,Standard,80,Women,717,983760,0,Mid,2015-01-01,2015-03-16,0.5124199168258964,0.4607170956502192,0.026862987523884455,74
Columbia Trailstorm Waterproof,Creamy,81361,60591,17430,Limited,110,Women,3340,6665010,1,High,2019-04-01,2019-04-22,0.21423040523100748,0.7447179852755006,0.041051609493491965,21
Nike Air Force 1 '07 Sneakers,Peanut Butter,46129,17352,28678,Standard,115,Women,99,1995480,0,High,2023-02-01,2023-04-13,0.6216913438401006,0.3761625008129376,0.002146155346961781,71
Adidas Originals Samba OG Shoes,Brownie,12050,6971,1688,Standard,100,Women,3391,697100,0,Mid,2015-10-01,2015-11-20,0.1400829875518672,0.5785062240663901,0.2814107883817427,50
Air Jordan 1 Mid Shoes,Brownie,98083,97181,893,Limited,110,Women,9,10689910,1,High,2015-07-01,2015-08-29,0.009104533915153493,0.990803707064425,9.175902042147976e-05,59
Red Tape Casual Sneakers,Crisper,40715,40373,111,Standard,35,Women,231,1413055,0,Low,2023-06-01,2023-07-05,0.0027262679602112244,0.9916001473658357,0.005673584673953088,34
Nike Court Vision Low Shoes,Peanut Butter,85511,46799,37845,Holiday,80,Men,867,3743920,0,Mid,2021-09-01,2021-11-19,0.44257463952006176,0.5472863140414683,0.010139046438469905,79
Puma Smash V2 Sneakers,Creamy,78321,33972,27103,Holiday,65,Men,17246,2208180,0,Mid,2018-05-01,2018-05-23,0.3460502291850206,0.4337533994714061,0.22019637134357326,22
Converse Chuck Taylor All Star,Creamy,98965,60994,36428,Standard,60,Women,1543,3659640,0,Mid,2020-07-01,2020-07-31,0.3680897286919618,0.6163189006214318,0.015591370686606376,30
New Balance 574 Core,White Chocolate,78742,46777,22816,Anniversary,90,Women,9149,4209930,0,Mid,2019-09-01,2019-09-29,0.289756419699779,0.5940539991364202,0.11618958116380076,28
Reebok Classic Leather,Peanut Butter,80507,67065,3948,Limited,85,Men,9494,5700525,1,Mid,2024-07-01,2024-09-29,0.04903921398139292,0.833033152396686,0.11792763362192107,90
Under Armour Charged Assert 9,White Chocolate,70689,12552,36856,Anniversary,75,Men,21281,941400,0,Mid,2019-08-01,2019-08-30,0.5213823933002306,0.17756652378729365,0.3010510829124758,29
Fila Disruptor II Premium,Crisper,41831,21711,6662,Standard,70,Women,13458,1519770,0,Mid,2018-09-01,2018-11-20,0.15925987903707778,0.5190169969639741,0.32172312399894815,80
ASICS Gel-Quantum 90,Classic,80206,29966,3377,Anniversary,100,Men,46863,2996600,0,Mid,2018-01-01,2018-02-16,0.04210408198887864,0.37361294666234446,0.5842829713487769,46
Skechers D'Lites,White Chocolate,19539,8082,9626,Special Release,75,Men,1831,606150,1,Mid,2023-02-01,2023-04-19,0.49265571421260046,0.41363426992169505,0.09371001586570449,77
Vans Old Skool,White Chocolate,53642,24869,502,Limited,70,Men,28271,1740830,1,Mid,2017-05-01,2017-07-05,0.009358338615264158,0.4636106036314828,0.5270310577532531,65
Onitsuka Tiger Mexico 66,Creamy,72773,36797,13402,Limited,100,Women,22574,3679700,1,Mid,2019-06-01,2019-07-10,0.1841617083258901,0.505640828329188,0.3101974633449219,39
Lacoste Carnaby Evo,Crisper,71112,52088,10106,Holiday,95,Women,8918,4948360,0,Mid,2017-12-01,2018-02-11,0.1421138485768928,0.7324783440206998,0.12540780740240748,72
Superga 2750 Cotu Classic,Crisper,22924,20384,1311,Holiday,65,Men,1229,1324960,0,Mid,2017-04-01,2017-06-17,0.05718897225615076,0.8891990926539871,0.05361193508986215,77
Hoka One One Clifton 8,Brownie,39002,14563,531,Special Release,140,Women,23908,2038820,1,High,2017-12-01,2018-02-15,0.01361468642633711,0.37339110814830007,0.6129942054253628,76
Saucony Jazz Original,Almond,29976,11428,10809,Anniversary,80,Men,7739,914240,0,Mid,2017-07-01,2017-08-06,0.3605884707766213,0.38123832399252733,0.25817320523085135,36
Columbia Trailstorm Waterproof,Crisper,82173,49245,16864,Anniversary,110,Women,16064,5416950,0,High,2023-07-01,2023-09-11,0.20522556070728828,0.5992844364937389,0.1954900027989729,72
Nike Air Force 1 '07 Sneakers,Crisper,32050,29011,1442,Limited,115,Women,1597,3336265,1,High,2016-11-01,2017-01-12,0.04499219968798752,0.9051794071762871,0.04982839313572543,72
Adidas Originals Samba OG Shoes,Peanut Butter,81058,12698,4433,Standard,100,Men,63927,1269800,0,Mid,2024-05-01,2024-07-03,0.054689234868859335,0.15665326062819215,0.7886575045029485,63
Air Jordan 1 Mid Shoes,White Chocolate,10836,8378,563,Limited,110,Men,1895,921580,1,High,2024-06-01,2024-08-06,0.051956441491325216,0.7731635289774824,0.17488002953119233,66
Red Tape Casual Sneakers,Classic,38668,38143,466,Standard,35,Women,59,1335005,0,Low,2019-03-01,2019-04-26,0.01205130857556636,0.9864228819695873,0.0015258094548463847,56
Nike Court Vision Low Shoes,Creamy,73944,7061,866,Special Release,80,Men,66017,564880,1,Mid,2020-12-01,2021-02-23,0.011711565509033864,0.09549118251649898,0.8927972519744671,84
Puma Smash V2 Sneakers,Brownie,46010,40110,2348,Special Release,65,Women,3552,2607150,1,Mid,2015-03-01,2015-03-30,0.051032384264290374,0.8717670071723539,0.0772006085633558,29
Converse Chuck Taylor All Star,White Chocolate,33496,8506,3156,Limited,60,Women,21834,510360,1,Mid,2020-11-01,2021-01-08,0.09422020539765942,0.2539407690470504,0.6518390255552902,68
New Balance 574 Core,White Chocolate,56457,22519,26011,Holiday,90,Women,7927,2026710,0,Mid,2015-11-01,2016-01-14,0.46072231964149707,0.3988699364117824,0.1404077439467205,74
Reebok Classic Leather,Brownie,41877,19801,9829,Standard,85,Men,12247,1683085,0,Mid,2022-09-01,2022-09-23,0.2347111779735893,0.47283711822718916,0.29245170379922153,22
Under Armour Charged Assert 9,Classic,63120,29855,24718,Anniversary,75,Men,8547,2239125,0,Mid,2021-03-01,2021-05-07,0.39160329531051963,0.4729879594423321,0.1354087452471483,67
Fila Disruptor II Premium,Creamy,32463,7709,16379,Anniversary,70,Women,8375,539630,0,Mid,2024-06-01,2024-08-14,0.5045436342913471,0.2374703508609802,0.25798601484767275,74
ASICS Gel-Quantum 90,Brownie,22499,22306,10,Limited,100,Women,183,2230600,1,Mid,2017-07-01,2017-07-20,0.0004444641984088182,0.9914218409707098,0.008133694830881373,19
Skechers D'Lites,Almond,16102,6218,4593,Special Release,75,Men,5291,466350,1,Mid,2021-02-01,2021-04-24,0.28524406905974414,0.3861632095391877,0.3285927214010682,82
Vans Old Skool,White Chocolate,51220,6026,13576,Limited,70,Women,31618,421820,1,Mid,2021-08-01,2021-08-21,0.26505271378367823,0.1176493557204217,0.6172979304959001,20
Onitsuka Tiger Mexico 66,Classic,49226,15646,15759,Anniversary,100,Women,17821,1564600,0,Mid,2021-05-01,2021-07-01,0.32013570064600005,0.3178401657660586,0.36202413358794133,61
Lacoste Carnaby Evo,Crisper,28343,27587,741,Special Release,95,Women,15,2620765,1,Mid,2015-11-01,2016-01-09,0.02614402145150478,0.9733267473450234,0.0005292312034717567,69
Superga 2750 Cotu Classic,Classic,22803,19322,950,Standard,65,Women,2531,1255930,0,Mid,2024-05-01,2024-06-24,0.04166118493180722,0.8473446476340832,0.11099416743410954,54
Hoka One One Clifton 8,White Chocolate,52778,6941,41557,Anniversary,140,Women,4280,971740,0,High,2018-01-01,2018-03-08,0.787392474136951,0.13151313047102958,0.0810943953920194,66
Saucony Jazz Original,Brownie,59207,33301,6086,Special Release,80,Men,19820,2664080,1,Mid,2022-08-01,2022-08-31,0.10279189960646545,0.5624503859340956,0.3347577144594389,30
Columbia Trailstorm Waterproof,White Chocolate,91083,43715,16151,Standard,110,Men,31217,4808650,0,High,2022-12-01,2022-12-28,0.17732178342830165,0.4799468616536566,0.3427313549180418,27
Nike Air Force 1 '07 Sneakers,Crisper,93086,25221,51068,Holiday,115,Men,16797,2900415,0,High,2018-07-01,2018-08-14,0.5486109619061943,0.27094299894721013,0.18044603914659563,44
Adidas Originals Samba OG Shoes,Almond,68292,28587,17679,Limited,100,Women,22026,2858700,1,Mid,2016-02-01,2016-03-05,0.2588736601651731,0.4185995431382885,0.3225267966965384,33
Air Jordan 1 Mid Shoes,Crisper,83005,77710,4197,Standard,110,Women,1098,8548100,0,High,2019-07-01,2019-08-01,0.05056321908318776,0.9362086621287874,0.013228118788024818,31
Red Tape Casual Sneakers,Brownie,22198,15630,3155,Holiday,35,Men,3413,547050,0,Low,2015-02-01,2015-04-19,0.14212992161455987,0.7041174880619876,0.15375259032345256,77
Nike Court Vision Low Shoes,Creamy,83339,36816,37483,Limited,80,Men,9040,2945280,1,Mid,2020-11-01,2020-12-04,0.44976541595171526,0.4417619601867073,0.10847262386157741,33
Puma Smash V2 Sneakers,Peanut Butter,45247,24734,8795,Limited,65,Women,11718,1607710,1,Mid,2020-07-01,2020-09-11,0.1943775277918978,0.5466439763962252,0.25897849581187704,72
Converse Chuck Taylor All Star,Almond,65194,24644,31734,Standard,60,Men,8816,1478640,0,Mid,2023-10-01,2023-12-09,0.48676258551400436,0.3780102463416879,0.13522716814430777,69
New Balance 574 Core,Creamy,91924,69985,19457,Limited,90,Men,2482,6298650,1,Mid,2021-11-01,2022-01-16,0.21166398329054437,0.7613354510247596,0.027000565684696054,76
Reebok Classic Leather,Almond,10887,8241,1360,Special Release,85,Women,1286,700485,1,Mid,2024-06-01,2024-07-08,0.12491962891521999,0.7569578396252411,0.1181225314595389,37
Under Armour Charged Assert 9,Crisper,53874,33220,19477,Holiday,75,Men,1177,2491500,0,Mid,2016-07-01,2016-07-24,0.3615287522738241,0.6166239744589227,0.02184727326725322,23
Fila Disruptor II Premium,Crisper,51180,16641,26099,Holiday,70,Women,8440,1164870,0,Mid,2018-07-01,2018-07-27,0.5099452911293474,0.3251465416178195,0.16490816725283314,26
ASICS Gel-Quantum 90,Brownie,41775,26357,6161,Anniversary,100,Men,9257,2635700,0,Mid,2018-02-01,2018-02-16,0.14748055056852186,0.6309275882704967,0.22159186116098145,15
Skechers D'Lites,Brownie,81516,28583,44676,Special Release,75,Women,8257,2143725,1,Mid,2023-08-01,2023-10-12,0.5480641837185338,0.3506428185877619,0.1012929976937043,72
Vans Old Skool,Creamy,37479,19367,9546,Standard,70,Women,8566,1355690,0,Mid,2024-04-01,2024-04-16,0.25470263347474587,0.5167427092505136,0.22855465727474053,15
Onitsuka Tiger Mexico 66,Creamy,75444,23242,41506,Limited,100,Men,10696,2324200,1,Mid,2018-05-01,2018-06-18,0.5501564074015164,0.30806956152908116,0.14177403106940248,48
Lacoste Carnaby Evo,Creamy,65460,56712,6176,Anniversary,95,Women,2572,5387640,0,Mid,2015-10-01,2015-12-02,0.0943476932477849,0.8663611365719524,0.039291170180262756,62
Superga 2750 Cotu Classic,Brownie,62534,40020,16600,Anniversary,65,Women,5914,2601300,0,Mid,2024-10-01,2024-10-16,0.2654555921578661,0.639971855310711,0.09457255253142291,15
Hoka One One Clifton 8,Creamy,80373,16138,7167,Limited,140,Women,57068,2259320,1,High,2023-08-01,2023-08-31,0.08917173677727595,0.20078882211688004,0.710039441105844,30
Saucony Jazz Original,Peanut Butter,94803,85304,725,Anniversary,80,Women,8774,6824320,0,Mid,2021-04-01,2021-06-15,0.007647437317384471,0.8998027488581585,0.09254981382445703,75
Columbia Trailstorm Waterproof,White Chocolate,66420,11943,691,Holiday,110,Men,53786,1313730,0,High,2016-02-01,2016-04-19,0.010403492923818126,0.17981029810298102,0.8097862089732009,78
Nike Air Force 1 '07 Sneakers,Crisper,59036,30633,15173,Special Release,115,Men,13230,3522795,1,High,2023-08-01,2023-10-17,0.25701267023511076,0.5188867809472186,0.22410054881767058,77
Adidas Originals Samba OG Shoes,Almond,13219,12909,53,Anniversary,100,Men,257,1290900,0,Mid,2018-04-01,2018-06-23,0.004009380437249414,0.9765489068764657,0.019441712686284893,83
Air Jordan 1 Mid Shoes,Classic,28569,16414,5110,Anniversary,110,Women,7045,1805540,0,High,2018-11-01,2018-12-07,0.1788652035423011,0.574538835801043,0.24659596065665582,36
Red Tape Casual Sneakers,Almond,72411,17795,28715,Anniversary,35,Women,25901,622825,0,Low,2023-02-01,2023-04-23,0.39655577191310715,0.24574995511731643,0.35769427296957645,81
Nike Court Vision Low Shoes,Classic,25084,5740,11241,Standard,80,Men,8103,459200,0,Mid,2022-04-01,2022-06-30,0.4481342688566417,0.22883112741189604,0.3230346037314623,90
Puma Smash V2 Sneakers,Creamy,41970,38816,714,Limited,65,Women,2440,2523040,1,Mid,2021-03-01,2021-04-10,0.017012151536812008,0.924851084107696,0.05813676435549202,40
Converse Chuck Taylor All Star,Crisper,40389,31545,3022,Anniversary,60,Men,5822,1892700,0,Mid,2017-02-01,2017-03-03,0.07482235262076307,0.7810294882269925,0.1441481591522444,30
New Balance 574 Core,Crisper,87621,61302,12741,Limited,90,Men,13578,5517180,1,Mid,2015-01-01,2015-03-07,0.14541034683466292,0.6996268017940904,0.15496285137124663,65
Reebok Classic Leather,Brownie,23336,22592,191,Holiday,85,Men,553,1920320,0,Mid,2019-02-01,2019-04-13,0.008184778882413438,0.9681179293794995,0.023697291738087076,71
Under Armour Charged Assert 9,Almond,97910,69157,17292,Holiday,75,Women,11461,5186775,0,Mid,2022-03-01,2022-04-13,0.17661117352670822,0.7063323460320703,0.11705648044122154,43
Fila Disruptor II Premium,Brownie,24972,16400,5766,Anniversary,70,Women,2806,1148000,0,Mid,2024-06-01,2024-08-23,0.23089860643921192,0.6567355438090662,0.11236584975172192,83
ASICS Gel-Quantum 90,Brownie,87354,16108,17556,Standard,100,Men,53690,1610800,0,Mid,2018-07-01,2018-08-31,0.20097534171302975,0.1843991116605994,0.6146255466263708,61
Skechers D'Lites,Peanut Butter,58929,50445,2316,Anniversary,75,Men,6168,3783375,0,Mid,2020-09-01,2020-11-16,0.03930153235249198,0.856030137962633,0.10466832968487502,76
Vans Old Skool,Brownie,60293,32724,6086,Special Release,70,Men,21483,2290680,1,Mid,2020-06-01,2020-08-23,0.1009404076758496,0.5427495729189127,0.35631001940523777,83
Onitsuka Tiger Mexico 66,Brownie,31871,21044,4732,Limited,100,Women,6095,2104400,1,Mid,2016-07-01,2016-09-29,0.1484735339336701,0.6602867810862539,0.19123968498007593,90
Lacoste Carnaby Evo,Brownie,17026,10882,78,Limited,95,Women,6066,1033790,1,Mid,2020-06-01,2020-07-01,0.004581228709033243,0.6391401386115353,0.35627863267943144,30
Superga 2750 Cotu Classic,Brownie,76248,69876,3351,Anniversary,65,Women,3021,4541940,0,Mid,2022-09-01,2022-11-02,0.043948693736229144,0.9164305949008499,0.039620711362920995,62
Hoka One One Clifton 8,Crisper,31922,7708,18526,Limited,140,Women,5688,1079120,1,High,2015-05-01,2015-06-23,0.5803521082638933,0.24146356744564876,0.178184324290458,53
Saucony Jazz Original,Peanut Butter,80465,42836,11023,Anniversary,80,Women,26606,3426880,0,Mid,2023-10-01,2023-11-17,0.13699123842664512,0.5323556825949171,0.3306530789784378,47
Columbia Trailstorm Waterproof,Brownie,76952,19838,37533,Holiday,110,Women,19581,2182180,0,High,2016-04-01,2016-05-08,0.487745607651523,0.25779706830231836,0.2544573240461586,37
Nike Air Force 1 '07 Sneakers,Brownie,15453,12231,2237,Anniversary,115,Men,985,1406565,0,High,2017-06-01,2017-06-25,0.14476153497702712,0.7914967967384974,0.0637416682844755,24
Adidas Originals Samba OG Shoes,Almond,14224,12368,538,Standard,100,Men,1318,1236800,0,Mid,2018-11-01,2019-01-23,0.03782339707536558,0.8695163104611924,0.09266029246344207,83
Air Jordan 1 Mid Shoes,White Chocolate,41056,18754,19265,Holiday,110,Women,3037,2062940,0,High,2022-09-01,2022-10-19,0.4692371395167576,0.45679072486360095,0.07397213561964147,48
Red Tape Casual Sneakers,Peanut Butter,90760,23249,27082,Limited,35,Women,40429,813715,1,Low,2024-02-01,2024-04-07,0.2983913618334068,0.25615910092551786,0.4454495372410754,66
Nike Court Vision Low Shoes,Brownie,46842,44115,2206,Holiday,80,Women,521,3529200,0,Mid,2016-11-01,2016-11-25,0.04709448785278169,0.9417830152427309,0.011122496904487425,24
Puma Smash V2 Sneakers,Almond,85069,40041,33712,Standard,65,Women,11316,2602665,0,Mid,2022-08-01,2022-09-03,0.3962900704134291,0.47068849992359146,0.13302142966297947,33
Converse Chuck Taylor All Star,Classic,46349,13315,8696,Limited,60,Men,24338,798900,1,Mid,2017-10-01,2017-12-12,0.1876200133767719,0.28727696390429136,0.5251030227189367,72
New Balance 574 Core,White Chocolate,98635,56472,32077,Special Release,90,Women,10086,5082480,1,Mid,2016-08-01,2016-08-16,0.32520910427333094,0.5725351041719471,0.10225579155472196,15
Reebok Classic Leather,Crisper,69243,9949,41525,Standard,85,Women,17769,845665,0,Mid,2023-11-01,2024-01-23,0.5996996086246985,0.14368239388819087,0.2566179974871106,83
Under Armour Charged Assert 9,Creamy,58374,34798,15992,Special Release,75,Men,7584,2609850,1,Mid,2018-09-01,2018-09-19,0.27395758385582625,0.5961215609689245,0.12992085517524926,18
Fila Disruptor II Premium,Creamy,70089,46604,21762,Holiday,70,Women,1723,3262280,0,Mid,2022-10-01,2022-10-31,0.3104909472242435,0.6649260226283725,0.02458303014738404,30
ASICS Gel-Quantum 90,Peanut Butter,66314,59057,1735,Holiday,100,Women,5522,5905700,0,Mid,2020-07-01,2020-08-08,0.026163404409325332,0.8905660946406491,0.08327050095002564,38
Skechers D'Lites,Almond,81737,80750,133,Anniversary,75,Men,854,6056250,0,Mid,2021-05-01,2021-05-17,0.0016271700698582037,0.9879246852710523,0.010448144659089519,16
Vans Old Skool,Classic,23051,20059,66,Limited,70,Men,2926,1404130,1,Mid,2016-05-01,2016-06-16,0.0028632163463624136,0.870200858964904,0.1269359246887337,46
Onitsuka Tiger Mexico 66,Crisper,36518,27563,2161,Holiday,100,Women,6794,2756300,0,Mid,2024-11-01,2024-12-09,0.05917629662084452,0.7547784654143163,0.18604523796483927,38
Lacoste Carnaby Evo,Classic,95798,52242,16409,Holiday,95,Men,27147,4962990,0,Mid,2015-12-01,2015-12-27,0.17128750078289734,0.545334975677989,0.28337752353911355,26
Superga 2750 Cotu Classic,Classic,61949,45999,5005,Limited,65,Men,10945,2989935,1,Mid,2023-02-01,2023-04-06,0.08079226460475553,0.7425301457650648,0.17667758963017965,64
Hoka One One Clifton 8,Creamy,22475,5035,6993,Standard,140,Men,10447,704900,0,High,2020-05-01,2020-06-19,0.3111457174638487,0.22402669632925473,0.46482758620689657,49
Saucony Jazz Original,Brownie,99126,63335,608,Holiday,80,Women,35183,5066800,0,Mid,2015-02-01,2015-03-20,0.006133607731573956,0.638934285656639,0.35493210661178703,47
Columbia Trailstorm Waterproof,Creamy,27324,20653,580,Anniversary,110,Men,6091,2271830,0,High,2017-07-01,2017-08-17,0.02122676035719514,0.7558556580295711,0.2229175816132338,47
Nike Air Force 1 '07 Sneakers,Classic,51071,29088,9805,Anniversary,115,Men,12178,3345120,0,High,2016-07-01,2016-09-14,0.1919876250709796,0.569560024279924,0.23845235064909637,75
Adidas Originals Samba OG Shoes,Creamy,98753,23724,8966,Special Release,100,Men,66063,2372400,1,Mid,2020-12-01,2021-02-04,0.09079217846546433,0.24023573967373144,0.6689720818608043,65
Air Jordan 1 Mid Shoes,Crisper,56030,52345,872,Limited,110,Women,2813,5757950,1,High,2022-01-01,2022-02-27,0.015563091201142245,0.9342316616098518,0.05020524718900589,57
Red Tape Casual Sneakers,White Chocolate,38474,10681,3292,Standard,35,Women,24501,373835,0,Low,2016-07-01,2016-07-27,0.08556427717419555,0.2776160523990227,0.6368196704267817,26
Nike Court Vision Low Shoes,Almond,66280,25611,9163,Holiday,80,Men,31506,2048880,0,Mid,2017-10-01,2017-12-21,0.1382468316234158,0.38640615570307785,0.4753470126735063,81
Puma Smash V2 Sneakers,Brownie,88774,83644,4977,Standard,65,Women,153,5436860,0,Mid,2018-03-01,2018-05-19,0.05606371234821006,0.9422128100569986,0.0017234775947912676,79
Converse Chuck Taylor All Star,Peanut Butter,77862,71784,1545,Anniversary,60,Men,4533,4307040,0,Mid,2023-05-01,2023-06-17,0.01984279879787316,0.9219388148262311,0.05821838637589582,47
New Balance 574 Core,White Chocolate,41370,37432,1580,Limited,90,Men,2358,3368880,1,Mid,2016-04-01,2016-05-25,0.03819192651679961,0.9048102489726855,0.05699782451051487,54
Reebok Classic Leather,Brownie,11581,7958,1296,Anniversary,85,Women,2327,676430,0,Mid,2016-06-01,2016-08-28,0.11190743459114066,0.6871600034539331,0.20093256195492618,88
Under Armour Charged Assert 9,Almond,81612,27645,49986,Standard,75,Men,3981,2073375,0,Mid,2020-04-01,2020-05-28,0.6124834583149537,0.33873695044846347,0.048779591236582855,57
Fila Disruptor II Premium,Classic,44365,19138,1305,Anniversary,70,Women,23922,1339660,0,Mid,2015-09-01,2015-10-29,0.029415079454524963,0.4313760847514933,0.5392088357939817,58
ASICS Gel-Quantum 90,Crisper,62727,10401,41978,Special Release,100,Women,10348,1040100,1,Mid,2021-01-01,2021-02-13,0.6692174023945031,0.16581376440767134,0.1649688331978255,43
Skechers D'Lites,Classic,50620,10178,33508,Limited,75,Women,6934,763350,1,Mid,2017-04-01,2017-04-28,0.6619517977084156,0.20106677202686685,0.1369814302647175,27
Vans Old Skool,Brownie,93138,90175,2789,Standard,70,Women,174,6312250,0,Mid,2022-03-01,2022-03-27,0.029944813073074363,0.9681869913461745,0.0018681955807511434,26
Onitsuka Tiger Mexico 66,Creamy,41278,8794,8011,Anniversary,100,Men,24473,879400,0,Mid,2015-12-01,2016-01-30,0.19407432530645866,0.21304326760017442,0.5928824070933669,60
Lacoste Carnaby Evo,Almond,97304,91252,1438,Standard,95,Men,4614,8668940,0,Mid,2016-05-01,2016-05-17,0.01477842637507194,0.9378031735591548,0.04741840006577325,16
Superga 2750 Cotu Classic,Peanut Butter,75065,50443,17137,Holiday,65,Men,7485,3278795,0,Mid,2020-10-01,2020-11-19,0.22829547725304736,0.6719909411843069,0.0997135815626457,49
Hoka One One Clifton 8,Creamy,45227,12736,25278,Holiday,140,Women,7213,1783040,0,High,2015-05-01,2015-05-23,0.5589139230990338,0.2816016981006921,0.15948437880027416,22
Saucony Jazz Original,Brownie,18371,9308,1262,Anniversary,80,Men,7801,744640,0,Mid,2020-07-01,2020-08-10,0.06869522617168364,0.5066681182298187,0.4246366555984976,40
Columbia Trailstorm Waterproof,Crisper,84302,26873,24096,Holiday,110,Men,33333,2956030,0,High,2016-10-01,2016-12-28,0.2858295176864131,0.31877061042442645,0.3953998718891604,88
Nike Air Force 1 '07 Sneakers,Peanut Butter,76692,5336,5772,Standard,115,Women,65584,613640,0,High,2024-08-01,2024-09-18,0.07526208731028008,0.06957700933604548,0.8551609033536745,48
Adidas Originals Samba OG Shoes,Almond,60197,14835,11728,Standard,100,Women,33634,1483500,0,Mid,2024-08-01,2024-08-22,0.19482698473345847,0.24644085253417944,0.558732162732362,21
Air Jordan 1 Mid Shoes,Peanut Butter,52179,21270,13639,Holiday,110,Men,17270,2339700,0,High,2023-01-01,2023-03-24,0.26138868127024284,0.4076352555625826,0.33097606316717454,82
Red Tape Casual Sneakers,Brownie,58864,12825,32901,Standard,35,Men,13138,448875,0,Low,2022-07-01,2022-09-11,0.5589324544713238,0.21787510192987225,0.22319244359880402,72
Nike Court Vision Low Shoes,Crisper,19034,12620,2312,Holiday,80,Women,4102,1009600,0,Mid,2023-09-01,2023-11-29,0.12146684879688978,0.6630240622044762,0.21550908899863402,89
Puma Smash V2 Sneakers,Classic,58354,18151,19109,Holiday,65,Men,21094,1179815,0,Mid,2021-04-01,2021-05-14,0.3274668403194297,0.3110497994996059,0.36148336018096444,43
Converse Chuck Taylor All Star,Crisper,58270,43777,8083,Limited,60,Men,6410,2626620,1,Mid,2023-08-01,2023-09-20,0.13871632057662606,0.7512785309764888,0.11000514844688519,50
New Balance 574 Core,Peanut Butter,10835,8359,97,Special Release,90,Men,2379,752310,1,Mid,2017-08-01,2017-09-05,0.008952468850946008,0.7714813105676049,0.219566220581449,35
Reebok Classic Leather,Almond,10191,8082,1259,Limited,85,Men,850,686970,1,Mid,2016-03-01,2016-04-20,0.12354037876557747,0.7930526935531351,0.08340692768128741,50
Under Armour Charged Assert 9,Crisper,74491,12850,9330,Holiday,75,Men,52311,963750,0,Mid,2022-12-01,2022-12-25,0.1252500302049912,0.17250406089326228,0.7022459089017465,24
Fila Disruptor II Premium,White Chocolate,78125,59140,12205,Standard,70,Men,6780,4139800,0,Mid,2020-02-01,2020-04-28,0.156224,0.756992,0.086784,87
ASICS Gel-Quantum 90,Creamy,61688,9904,38790,Standard,100,Men,12994,990400,0,Mid,2021-05-01,2021-06-08,0.6288094929321748,0.16054986383089093,0.21064064323693424,38
Skechers D'Lites,Peanut Butter,48230,22104,10322,Anniversary,75,Women,15804,1657800,0,Mid,2023-12-01,2024-02-17,0.21401617250673854,0.45830396019075265,0.3276798673025088,78
Vans Old Skool,Almond,69343,22822,15309,Limited,70,Men,31212,1597540,1,Mid,2015-11-01,2016-01-03,0.22077210388936158,0.3291175749534921,0.4501103211571464,63
Onitsuka Tiger Mexico 66,Peanut Butter,23848,10386,7365,Holiday,100,Women,6097,1038600,0,Mid,2020-03-01,2020-04-20,0.30883092921838307,0.43550821871855083,0.2556608520630661,50
Lacoste Carnaby Evo,White Chocolate,37215,19808,10102,Holiday,95,Men,7305,1881760,0,Mid,2020-03-01,2020-04-08,0.2714496842670966,0.5322584979175063,0.196291817815397,38
Superga 2750 Cotu Classic,Peanut Butter,99922,44874,54158,Special Release,65,Women,890,2916810,1,Mid,2022-11-01,2022-12-08,0.5420027621544805,0.4490902904265327,0.008906947418986809,37
Hoka One One Clifton 8,Peanut Butter,21955,13133,5828,Special Release,140,Women,2994,1838620,1,High,2019-06-01,2019-08-16,0.26545206103393304,0.5981780915508995,0.1363698474151674,76
Saucony Jazz Original,Almond,32789,6018,13251,Anniversary,80,Men,13520,481440,0,Mid,2024-08-01,2024-09-21,0.4041294336515295,0.1835371618530605,0.41233340449541006,51
Columbia Trailstorm Waterproof,Classic,70560,18357,52023,Standard,110,Men,180,2019270,0,High,2016-07-01,2016-07-27,0.7372874149659864,0.26016156462585033,0.002551020408163265,26
Nike Air Force 1 '07 Sneakers,Peanut Butter,35969,31990,1640,Standard,115,Women,2339,3678850,0,High,2019-03-01,2019-05-09,0.04559481775973755,0.8893769634963441,0.06502821874391837,69
Adidas Originals Samba OG Shoes,White Chocolate,19828,5357,1056,Anniversary,100,Men,13415,535700,0,Mid,2017-03-01,2017-03-28,0.05325801896308251,0.2701734920314707,0.6765684890054469,27
Air Jordan 1 Mid Shoes,White Chocolate,53456,13029,2798,Standard,110,Women,37629,1433190,0,High,2020-03-01,2020-04-07,0.05234211313977851,0.2437331637234361,0.7039247231367854,37
Red Tape Casual Sneakers,White Chocolate,61773,37514,966,Anniversary,35,Men,23293,1312990,0,Low,2019-04-01,2019-05-15,0.0156379000534214,0.607287973710197,0.3770741262363816,44
Nike Court Vision Low Shoes,Peanut Butter,46042,23340,14614,Limited,80,Men,8088,1867200,1,Mid,2024-11-01,2024-12-02,0.31740584683549805,0.5069284566265584,0.17566569653794362,31
Converse Chuck Taylor All Star,Almond,60202,13993,27474,Special Release,60,Men,18735,839580,1,Mid,2017-03-01,2017-03-28,0.4563635759609315,0.23243413840071758,0.3112022856383509,27
New Balance 574 Core,Crisper,57069,36436,17842,Anniversary,90,Women,2791,3279240,0,Mid,2023-10-01,2023-12-13,0.3126390860186791,0.6384552033503303,0.048905710630990556,73
Reebok Classic Leather,Crisper,45446,16784,854,Special Release,85,Women,27808,1426640,1,Mid,2018-07-01,2018-08-03,0.018791532808167935,0.3693174316771553,0.6118910355146767,33
Under Armour Charged Assert 9,Classic,71824,51849,19136,Limited,75,Men,839,3888675,1,Mid,2017-08-01,2017-10-03,0.26642904878592116,0.721889619068835,0.011681332145243929,63
Fila Disruptor II Premium,Almond,79951,12328,28758,Anniversary,70,Men,38865,862960,0,Mid,2021-06-01,2021-06-27,0.35969531337944494,0.15419444409700941,0.4861102425235457,26
ASICS Gel-Quantum 90,Peanut Butter,41005,25840,13208,Holiday,100,Men,1957,2584000,0,Mid,2023-04-01,2023-06-15,0.32210706011462015,0.6301670527984392,0.047725887086940616,75
Skechers D'Lites,Creamy,56095,42201,9234,Special Release,75,Women,4660,3165075,1,Mid,2016-08-01,2016-09-03,0.16461360192530528,0.7523130403779303,0.08307335769676442,33
Vans Old Skool,Brownie,50508,16505,32141,Standard,70,Men,1862,1155350,0,Mid,2015-06-01,2015-08-30,0.6363546368892057,0.3267799160529025,0.03686544705789182,90
Onitsuka Tiger Mexico 66,Classic,79002,67650,11,Special Release,100,Men,11341,6765000,1,Mid,2018-09-01,2018-09-24,0.0001392369813422445,0.8563074352548037,0.14355332776385407,23
Lacoste Carnaby Evo,Almond,33260,31293,1729,Holiday,95,Men,238,2972835,0,Mid,2024-09-01,2024-11-25,0.05198436560432952,0.9408598917618761,0.007155742633794347,85
Superga 2750 Cotu Classic,Brownie,28566,8634,17245,Holiday,65,Women,2687,561210,0,Mid,2024-08-01,2024-09-12,0.6036897010431982,0.3022474270111321,0.09406287194566967,42
Hoka One One Clifton 8,Creamy,96787,56851,38405,Holiday,140,Men,1531,7959140,0,High,2016-02-01,2016-04-07,0.3967991569115687,0.5873826030355316,0.015818240052899665,66
Saucony Jazz Original,Peanut Butter,67261,56894,7982,Holiday,80,Women,2385,4551520,0,Mid,2022-04-01,2022-05-01,0.11867203877432687,0.8458690771769674,0.035458884048705785,30
Columbia Trailstorm Waterproof,Peanut Butter,97232,82194,13344,Anniversary,110,Women,1694,9041340,0,High,2016-12-01,2017-02-22,0.1372387691295047,0.8453389830508474,0.01742224781964785,83
Nike Air Force 1 '07 Sneakers,Peanut Butter,33292,28882,14,Special Release,115,Men,4396,3321430,1,High,2022-11-01,2022-11-27,0.00042052144659377626,0.8675357443229604,0.13204373423044574,26
Adidas Originals Samba OG Shoes,Peanut Butter,88956,46709,40067,Special Release,100,Women,2180,4670900,1,Mid,2017-06-01,2017-07-10,0.4504136876658123,0.5250798147398714,0.024506497594316293,39
Air Jordan 1 Mid Shoes,Peanut Butter,53406,10099,15597,Holiday,110,Men,27710,1110890,0,High,2018-11-01,2019-01-06,0.2920458375463431,0.18909860315320376,0.5188555593004531,66
Red Tape Casual Sneakers,White Chocolate,97821,88768,5500,Standard,35,Men,3553,3106880,0,Low,2020-01-01,2020-03-08,0.05622514592981057,0.9074534097995318,0.03632144427065763,67
Nike Court Vision Low Shoes,Creamy,18885,10742,2102,Standard,80,Men,6041,859360,0,Mid,2023-10-01,2023-11-07,0.11130526873179772,0.5688112258406143,0.31988350542758803,37
Puma Smash V2 Sneakers,Crisper,67438,53010,6875,Anniversary,65,Women,7553,3445650,0,Mid,2016-11-01,2016-12-01,0.10194549067291438,0.786055339719446,0.11199916960763961,30
Converse Chuck Taylor All Star,Almond,81568,54197,3323,Anniversary,60,Men,24048,3251820,0,Mid,2024-04-01,2024-06-11,0.04073901530011769,0.6644394860729698,0.29482149862691254,71
New Balance 574 Core,Peanut Butter,69151,9830,52376,Standard,90,Women,6945,884700,0,Mid,2024-06-01,2024-07-24,0.7574149325389365,0.14215268036615522,0.10043238709490825,53
Reebok Classic Leather,Almond,23726,7431,5600,Anniversary,85,Men,10695,631635,0,Mid,2016-11-01,2017-01-07,0.23602798617550366,0.3132007080839585,0.4507713057405378,67
Under Armour Charged Assert 9,Brownie,22203,16073,4866,Anniversary,75,Women,1264,1205475,0,Mid,2021-11-01,2021-12-27,0.21915957303067152,0.723911183173445,0.05692924379588344,56
Fila Disruptor II Premium,Creamy,31626,24900,3556,Standard,70,Men,3170,1743000,0,Mid,2016-10-01,2016-12-12,0.11243913235945109,0.7873268829444128,0.10023398469613609,72
ASICS Gel-Quantum 90,Peanut Butter,63645,50691,9078,Special Release,100,Women,3876,5069100,1,Mid,2023-02-01,2023-03-26,0.14263492811689843,0.7964647654961112,0.06090030638699034,53
Skechers D'Lites,Almond,41135,11285,1626,Special Release,75,Women,28224,846375,1,Mid,2019-05-01,2019-05-29,0.03952838215631457,0.27434058587577487,0.6861310319679106,28
Vans Old Skool,Peanut Butter,17144,10911,31,Standard,70,Women,6202,763770,0,Mid,2019-10-01,2019-10-20,0.0018082127858142791,0.6364325711619225,0.3617592160522632,19
Onitsuka Tiger Mexico 66,Peanut Butter,22712,5843,6781,Holiday,100,Women,10088,584300,0,Mid,2016-11-01,2016-12-20,0.2985646354350123,0.25726488200070446,0.4441704825642832,49
Lacoste Carnaby Evo,White Chocolate,25139,15104,6512,Anniversary,95,Women,3523,1434880,0,Mid,2020-04-01,2020-06-29,0.2590397390508771,0.6008194438919607,0.14014081705716216,89
Superga 2750 Cotu Classic,Classic,94130,76319,12698,Holiday,65,Women,5113,4960735,0,Mid,2017-01-01,2017-02-02,0.1348985445660257,0.8107829597365346,0.05431849569743971,32
Hoka One One Clifton 8,Peanut Butter,68428,7924,17255,Anniversary,140,Women,43249,1109360,0,High,2019-12-01,2020-02-29,0.25216285730987315,0.11580054948266791,0.632036593207459,90
Saucony Jazz Original,Brownie,18079,7476,1584,Holiday,80,Women,9019,598080,0,Mid,2015-12-01,2015-12-24,0.08761546545716024,0.4135184468167487,0.49886608772609103,23
Columbia Trailstorm Waterproof,White Chocolate,87296,34820,36280,Anniversary,110,Women,16196,3830200,0,High,2015-09-01,2015-11-28,0.4155975073313783,0.39887280058651026,0.18552969208211142,88
